"round","pid","action","group_size","previous_decision","num_neighbors","session","condition","fluid_dummy","empanel_id"
1,"2Jq2iaa0",1,17,,4,"e1.1_2017-09-03","Fluid",1,"4182985182_78419_01"
1,"7MDqjRqy",1,17,,4,"e1.1_2017-09-03","Fluid",1,"4142237231_78419_01"
1,"DiiMvoac",1,17,,1,"e1.1_2017-09-03","Fluid",1,"4198743191_78419_01"
1,"GfRDSs32",1,17,,1,"e1.1_2017-09-03","Fluid",1,"84031624_23694_01"
1,"HgL5wQXl",1,17,,4,"e1.1_2017-09-03","Fluid",1,"4198723823_78419_01"
1,"ioIMkkv3",1,17,,2,"e1.1_2017-09-03","Fluid",1,"1869068229_78419_01"
1,"jTcyevlw",1,17,,3,"e1.1_2017-09-03","Fluid",1,"4083364193_78914_01"
1,"JxdStep4",1,17,,2,"e1.1_2017-09-03","Fluid",1,"4210175671_78419_01"
1,"mn9JA7Xk",1,17,,3,"e1.1_2017-09-03","Fluid",1,"1686963147_78419_01"
1,"qqUGu3kS",1,17,,3,"e1.1_2017-09-03","Fluid",1,"4191252363_5107_01"
1,"tiUegpsp",1,17,,2,"e1.1_2017-09-03","Fluid",1,"4174335565_78419_01"
1,"tLntXonO",1,17,,3,"e1.1_2017-09-03","Fluid",1,"4182955498_78419_01"
1,"xmxbvHV7",1,17,,4,"e1.1_2017-09-03","Fluid",1,"4191198844_5107_01"
1,"xVhTD9ye",1,17,,3,"e1.1_2017-09-03","Fluid",1,"1936662885_78419_01"
1,"XY8hOWgz",1,17,,3,"e1.1_2017-09-03","Fluid",1,"4198748387_78419_01"
1,"ybzRLCfv",1,17,,5,"e1.1_2017-09-03","Fluid",1,"014897_S01_01"
1,"ZoBQOtGx",1,17,,7,"e1.1_2017-09-03","Fluid",1,"4141904285_78419_01"
2,"2Jq2iaa0",1,17,1,8,"e1.1_2017-09-03","Fluid",1,"4182985182_78419_01"
2,"7MDqjRqy",1,17,1,13,"e1.1_2017-09-03","Fluid",1,"4142237231_78419_01"
2,"DiiMvoac",1,17,1,7,"e1.1_2017-09-03","Fluid",1,"4198743191_78419_01"
2,"GfRDSs32",1,17,1,4,"e1.1_2017-09-03","Fluid",1,"84031624_23694_01"
2,"HgL5wQXl",1,17,1,8,"e1.1_2017-09-03","Fluid",1,"4198723823_78419_01"
2,"ioIMkkv3",1,17,1,5,"e1.1_2017-09-03","Fluid",1,"1869068229_78419_01"
2,"jTcyevlw",1,17,1,6,"e1.1_2017-09-03","Fluid",1,"4083364193_78914_01"
2,"JxdStep4",1,17,1,5,"e1.1_2017-09-03","Fluid",1,"4210175671_78419_01"
2,"mn9JA7Xk",1,17,1,10,"e1.1_2017-09-03","Fluid",1,"1686963147_78419_01"
2,"qqUGu3kS",1,17,1,7,"e1.1_2017-09-03","Fluid",1,"4191252363_5107_01"
2,"tiUegpsp",1,17,1,6,"e1.1_2017-09-03","Fluid",1,"4174335565_78419_01"
2,"tLntXonO",1,17,1,7,"e1.1_2017-09-03","Fluid",1,"4182955498_78419_01"
2,"xmxbvHV7",1,17,1,7,"e1.1_2017-09-03","Fluid",1,"4191198844_5107_01"
2,"xVhTD9ye",1,17,1,6,"e1.1_2017-09-03","Fluid",1,"1936662885_78419_01"
2,"XY8hOWgz",1,17,1,7,"e1.1_2017-09-03","Fluid",1,"4198748387_78419_01"
2,"ybzRLCfv",1,17,1,8,"e1.1_2017-09-03","Fluid",1,"014897_S01_01"
2,"ZoBQOtGx",1,17,1,8,"e1.1_2017-09-03","Fluid",1,"4141904285_78419_01"
1,"2eCW1FlE",1,19,,5,"e1.2_2017-08-24","Fluid",1,"4142230532_78419_01"
1,"5Dc9pgMR",1,19,,3,"e1.2_2017-08-24","Fluid",1,"1869079206_78419_01"
1,"8xSP33VT",1,19,,5,"e1.2_2017-08-24","Fluid",1,"063329_S02_02"
1,"BTEQAhN9",0,19,,5,"e1.2_2017-08-24","Fluid",1,"4141905319_78419_01"
1,"Ch87Xjrk",1,19,,7,"e1.2_2017-08-24","Fluid",1,"4181632737_78419_01"
1,"F4ZIybcz",1,19,,6,"e1.2_2017-08-24","Fluid",1,"4224811348_78419_01"
1,"gtw6tUet",1,19,,5,"e1.2_2017-08-24","Fluid",1,"1682633998_78419_01"
1,"Kku9ydao",1,19,,4,"e1.2_2017-08-24","Fluid",1,"113402_3992_01"
1,"PilybGdJ",1,19,,3,"e1.2_2017-08-24","Fluid",1,"4224793505_78419_01"
1,"raYY3tzu",1,19,,2,"e1.2_2017-08-24","Fluid",1,"4224781187_78419_01"
1,"RqcdeZA7",1,19,,5,"e1.2_2017-08-24","Fluid",1,"81614639_23694_01"
1,"SFeJujX1",1,19,,4,"e1.2_2017-08-24","Fluid",1,"4191252744_5107_01"
1,"SJ4dRWlS",1,19,,3,"e1.2_2017-08-24","Fluid",1,"4098587119_78419_01"
1,"U6TIZF22",1,19,,4,"e1.2_2017-08-24","Fluid",1,"4135950385_78419_01"
1,"V8er8tZD",1,19,,2,"e1.2_2017-08-24","Fluid",1,"4109808109_78419_01"
1,"xA3rMUGc",1,19,,3,"e1.2_2017-08-24","Fluid",1,"4224782522_78419_01"
1,"Xg7pBwAG",1,19,,4,"e1.2_2017-08-24","Fluid",1,"4222256678_78419_01"
1,"xqyUXbmR",1,19,,5,"e1.2_2017-08-24","Fluid",1,"1796202230_78419_01"
1,"YsqB1Gnw",0,19,,3,"e1.2_2017-08-24","Fluid",1,"070133_S02_01"
2,"2eCW1FlE",1,12,1,6,"e1.2_2017-08-24","Fluid",1,"4142230532_78419_01"
2,"5Dc9pgMR",0,12,1,6,"e1.2_2017-08-24","Fluid",1,"1869079206_78419_01"
2,"8xSP33VT",1,12,1,4,"e1.2_2017-08-24","Fluid",1,"063329_S02_02"
2,"BTEQAhN9",1,12,0,2,"e1.2_2017-08-24","Fluid",1,"4141905319_78419_01"
2,"gtw6tUet",1,12,1,6,"e1.2_2017-08-24","Fluid",1,"1682633998_78419_01"
2,"raYY3tzu",1,12,1,5,"e1.2_2017-08-24","Fluid",1,"4224781187_78419_01"
2,"RqcdeZA7",1,12,1,7,"e1.2_2017-08-24","Fluid",1,"81614639_23694_01"
2,"SJ4dRWlS",1,12,1,2,"e1.2_2017-08-24","Fluid",1,"4098587119_78419_01"
2,"U6TIZF22",1,12,1,6,"e1.2_2017-08-24","Fluid",1,"4135950385_78419_01"
2,"V8er8tZD",1,12,1,6,"e1.2_2017-08-24","Fluid",1,"4109808109_78419_01"
2,"xA3rMUGc",1,12,1,3,"e1.2_2017-08-24","Fluid",1,"4224782522_78419_01"
2,"YsqB1Gnw",0,12,0,2,"e1.2_2017-08-24","Fluid",1,"070133_S02_01"
3,"2eCW1FlE",1,12,1,6,"e1.2_2017-08-24","Fluid",1,"4142230532_78419_01"
3,"5Dc9pgMR",0,12,0,2,"e1.2_2017-08-24","Fluid",1,"1869079206_78419_01"
3,"8xSP33VT",1,12,1,4,"e1.2_2017-08-24","Fluid",1,"063329_S02_02"
3,"BTEQAhN9",1,12,1,2,"e1.2_2017-08-24","Fluid",1,"4141905319_78419_01"
3,"gtw6tUet",1,12,1,7,"e1.2_2017-08-24","Fluid",1,"1682633998_78419_01"
3,"raYY3tzu",1,12,1,6,"e1.2_2017-08-24","Fluid",1,"4224781187_78419_01"
3,"RqcdeZA7",1,12,1,7,"e1.2_2017-08-24","Fluid",1,"81614639_23694_01"
3,"SJ4dRWlS",1,12,1,3,"e1.2_2017-08-24","Fluid",1,"4098587119_78419_01"
3,"U6TIZF22",1,12,1,7,"e1.2_2017-08-24","Fluid",1,"4135950385_78419_01"
3,"V8er8tZD",1,12,1,7,"e1.2_2017-08-24","Fluid",1,"4109808109_78419_01"
3,"xA3rMUGc",1,12,1,2,"e1.2_2017-08-24","Fluid",1,"4224782522_78419_01"
3,"YsqB1Gnw",1,12,0,2,"e1.2_2017-08-24","Fluid",1,"070133_S02_01"
4,"2eCW1FlE",1,12,1,9,"e1.2_2017-08-24","Fluid",1,"4142230532_78419_01"
4,"5Dc9pgMR",1,12,0,2,"e1.2_2017-08-24","Fluid",1,"1869079206_78419_01"
4,"8xSP33VT",1,12,1,6,"e1.2_2017-08-24","Fluid",1,"063329_S02_02"
4,"BTEQAhN9",1,12,1,2,"e1.2_2017-08-24","Fluid",1,"4141905319_78419_01"
4,"gtw6tUet",1,12,1,8,"e1.2_2017-08-24","Fluid",1,"1682633998_78419_01"
4,"raYY3tzu",1,12,1,6,"e1.2_2017-08-24","Fluid",1,"4224781187_78419_01"
4,"RqcdeZA7",1,12,1,8,"e1.2_2017-08-24","Fluid",1,"81614639_23694_01"
4,"SJ4dRWlS",1,12,1,5,"e1.2_2017-08-24","Fluid",1,"4098587119_78419_01"
4,"U6TIZF22",1,12,1,8,"e1.2_2017-08-24","Fluid",1,"4135950385_78419_01"
4,"V8er8tZD",1,12,1,8,"e1.2_2017-08-24","Fluid",1,"4109808109_78419_01"
4,"xA3rMUGc",1,12,1,4,"e1.2_2017-08-24","Fluid",1,"4224782522_78419_01"
4,"YsqB1Gnw",1,12,1,5,"e1.2_2017-08-24","Fluid",1,"070133_S02_01"
5,"2eCW1FlE",1,12,1,10,"e1.2_2017-08-24","Fluid",1,"4142230532_78419_01"
5,"5Dc9pgMR",1,12,1,7,"e1.2_2017-08-24","Fluid",1,"1869079206_78419_01"
5,"8xSP33VT",1,12,1,7,"e1.2_2017-08-24","Fluid",1,"063329_S02_02"
5,"BTEQAhN9",1,12,1,2,"e1.2_2017-08-24","Fluid",1,"4141905319_78419_01"
5,"gtw6tUet",1,12,1,10,"e1.2_2017-08-24","Fluid",1,"1682633998_78419_01"
5,"raYY3tzu",1,12,1,7,"e1.2_2017-08-24","Fluid",1,"4224781187_78419_01"
5,"RqcdeZA7",1,12,1,8,"e1.2_2017-08-24","Fluid",1,"81614639_23694_01"
5,"SJ4dRWlS",1,12,1,5,"e1.2_2017-08-24","Fluid",1,"4098587119_78419_01"
5,"U6TIZF22",1,12,1,8,"e1.2_2017-08-24","Fluid",1,"4135950385_78419_01"
5,"V8er8tZD",1,12,1,9,"e1.2_2017-08-24","Fluid",1,"4109808109_78419_01"
5,"xA3rMUGc",1,12,1,4,"e1.2_2017-08-24","Fluid",1,"4224782522_78419_01"
5,"YsqB1Gnw",1,12,1,6,"e1.2_2017-08-24","Fluid",1,"070133_S02_01"
6,"2eCW1FlE",1,12,1,12,"e1.2_2017-08-24","Fluid",1,"4142230532_78419_01"
6,"5Dc9pgMR",1,12,1,9,"e1.2_2017-08-24","Fluid",1,"1869079206_78419_01"
6,"8xSP33VT",1,12,1,7,"e1.2_2017-08-24","Fluid",1,"063329_S02_02"
6,"BTEQAhN9",1,12,1,5,"e1.2_2017-08-24","Fluid",1,"4141905319_78419_01"
6,"gtw6tUet",1,12,1,10,"e1.2_2017-08-24","Fluid",1,"1682633998_78419_01"
6,"raYY3tzu",1,12,1,9,"e1.2_2017-08-24","Fluid",1,"4224781187_78419_01"
6,"RqcdeZA7",1,12,1,9,"e1.2_2017-08-24","Fluid",1,"81614639_23694_01"
6,"SJ4dRWlS",1,12,1,6,"e1.2_2017-08-24","Fluid",1,"4098587119_78419_01"
6,"U6TIZF22",1,12,1,9,"e1.2_2017-08-24","Fluid",1,"4135950385_78419_01"
6,"V8er8tZD",1,12,1,10,"e1.2_2017-08-24","Fluid",1,"4109808109_78419_01"
6,"xA3rMUGc",1,12,1,6,"e1.2_2017-08-24","Fluid",1,"4224782522_78419_01"
6,"YsqB1Gnw",1,12,1,9,"e1.2_2017-08-24","Fluid",1,"070133_S02_01"
7,"2eCW1FlE",1,12,1,12,"e1.2_2017-08-24","Fluid",1,"4142230532_78419_01"
7,"5Dc9pgMR",0,12,1,10,"e1.2_2017-08-24","Fluid",1,"1869079206_78419_01"
7,"8xSP33VT",1,12,1,8,"e1.2_2017-08-24","Fluid",1,"063329_S02_02"
7,"BTEQAhN9",1,12,1,6,"e1.2_2017-08-24","Fluid",1,"4141905319_78419_01"
7,"gtw6tUet",1,12,1,11,"e1.2_2017-08-24","Fluid",1,"1682633998_78419_01"
7,"raYY3tzu",1,12,1,9,"e1.2_2017-08-24","Fluid",1,"4224781187_78419_01"
7,"RqcdeZA7",1,12,1,9,"e1.2_2017-08-24","Fluid",1,"81614639_23694_01"
7,"SJ4dRWlS",1,12,1,7,"e1.2_2017-08-24","Fluid",1,"4098587119_78419_01"
7,"U6TIZF22",1,12,1,11,"e1.2_2017-08-24","Fluid",1,"4135950385_78419_01"
7,"V8er8tZD",1,12,1,10,"e1.2_2017-08-24","Fluid",1,"4109808109_78419_01"
7,"xA3rMUGc",1,12,1,8,"e1.2_2017-08-24","Fluid",1,"4224782522_78419_01"
7,"YsqB1Gnw",1,12,1,10,"e1.2_2017-08-24","Fluid",1,"070133_S02_01"
8,"2eCW1FlE",1,12,1,11,"e1.2_2017-08-24","Fluid",1,"4142230532_78419_01"
8,"5Dc9pgMR",1,12,0,8,"e1.2_2017-08-24","Fluid",1,"1869079206_78419_01"
8,"8xSP33VT",1,12,1,8,"e1.2_2017-08-24","Fluid",1,"063329_S02_02"
8,"BTEQAhN9",1,12,1,8,"e1.2_2017-08-24","Fluid",1,"4141905319_78419_01"
8,"gtw6tUet",1,12,1,11,"e1.2_2017-08-24","Fluid",1,"1682633998_78419_01"
8,"raYY3tzu",1,12,1,10,"e1.2_2017-08-24","Fluid",1,"4224781187_78419_01"
8,"RqcdeZA7",1,12,1,9,"e1.2_2017-08-24","Fluid",1,"81614639_23694_01"
8,"SJ4dRWlS",1,12,1,8,"e1.2_2017-08-24","Fluid",1,"4098587119_78419_01"
8,"U6TIZF22",1,12,1,10,"e1.2_2017-08-24","Fluid",1,"4135950385_78419_01"
8,"V8er8tZD",1,12,1,10,"e1.2_2017-08-24","Fluid",1,"4109808109_78419_01"
8,"xA3rMUGc",1,12,1,9,"e1.2_2017-08-24","Fluid",1,"4224782522_78419_01"
8,"YsqB1Gnw",1,12,1,11,"e1.2_2017-08-24","Fluid",1,"070133_S02_01"
1,"8SAdCbGE",1,16,,1,"e1.3_2017-08-27","Static",0,"4182992005_78419_01"
1,"9hMkPcRq",1,16,,4,"e1.3_2017-08-27","Static",0,"008072_S01_01"
1,"a89vyAFL",1,16,,4,"e1.3_2017-08-27","Static",0,"86042049_23694_01"
1,"dPFSO8By",1,16,,3,"e1.3_2017-08-27","Static",0,"4135954562_78419_01"
1,"DquvgVmC",1,16,,3,"e1.3_2017-08-27","Static",0,"4224830646_78419_01"
1,"FzIxabvl",1,16,,1,"e1.3_2017-08-27","Static",0,"4205985096_78419_01"
1,"GoYFaHgQ",1,16,,1,"e1.3_2017-08-27","Static",0,"4224793530_78419_01"
1,"hEsQGRRN",1,16,,5,"e1.3_2017-08-27","Static",0,"4224814466_78419_01"
1,"iE21c8OI",1,16,,4,"e1.3_2017-08-27","Static",0,"173170_3992_01"
1,"JKD87cdf",1,16,,2,"e1.3_2017-08-27","Static",0,"007314_S01_HH"
1,"JkDj57W3",1,16,,4,"e1.3_2017-08-27","Static",0,"035315_S01_HH"
1,"kJ508QX4",1,16,,7,"e1.3_2017-08-27","Static",0,"147028_3992_01"
1,"PwGBatMI",1,16,,3,"e1.3_2017-08-27","Static",0,"097748_3992_01"
1,"Sx3WY8DF",1,16,,2,"e1.3_2017-08-27","Static",0,"4142236580_78419_01"
1,"XmbAD55J",0,16,,1,"e1.3_2017-08-27","Static",0,"4210176344_78419_01"
1,"ypXlRPy1",0,16,,5,"e1.3_2017-08-27","Static",0,"81616312_23694_01"
2,"8SAdCbGE",1,16,1,1,"e1.3_2017-08-27","Static",0,"4182992005_78419_01"
2,"9hMkPcRq",1,16,1,4,"e1.3_2017-08-27","Static",0,"008072_S01_01"
2,"a89vyAFL",1,16,1,4,"e1.3_2017-08-27","Static",0,"86042049_23694_01"
2,"dPFSO8By",1,16,1,3,"e1.3_2017-08-27","Static",0,"4135954562_78419_01"
2,"DquvgVmC",1,16,1,3,"e1.3_2017-08-27","Static",0,"4224830646_78419_01"
2,"FzIxabvl",1,16,1,1,"e1.3_2017-08-27","Static",0,"4205985096_78419_01"
2,"GoYFaHgQ",0,16,1,1,"e1.3_2017-08-27","Static",0,"4224793530_78419_01"
2,"hEsQGRRN",1,16,1,5,"e1.3_2017-08-27","Static",0,"4224814466_78419_01"
2,"iE21c8OI",1,16,1,4,"e1.3_2017-08-27","Static",0,"173170_3992_01"
2,"JKD87cdf",1,16,1,2,"e1.3_2017-08-27","Static",0,"007314_S01_HH"
2,"JkDj57W3",1,16,1,4,"e1.3_2017-08-27","Static",0,"035315_S01_HH"
2,"kJ508QX4",1,16,1,7,"e1.3_2017-08-27","Static",0,"147028_3992_01"
2,"PwGBatMI",1,16,1,3,"e1.3_2017-08-27","Static",0,"097748_3992_01"
2,"Sx3WY8DF",1,16,1,2,"e1.3_2017-08-27","Static",0,"4142236580_78419_01"
2,"XmbAD55J",1,16,0,1,"e1.3_2017-08-27","Static",0,"4210176344_78419_01"
2,"ypXlRPy1",1,16,0,5,"e1.3_2017-08-27","Static",0,"81616312_23694_01"
1,"16hkBHE1",1,21,,8,"e1.5_2017-09-06","Fluid",1,"4198730040_78419_01"
1,"1RCOHcfE",1,21,,7,"e1.5_2017-09-06","Fluid",1,"111400_3992_01"
1,"2Ls5Rpdm",1,21,,5,"e1.5_2017-09-06","Fluid",1,"4198746100_78419_01"
1,"4MEMPAHc",1,21,,6,"e1.5_2017-09-06","Fluid",1,"4148905031_78419_01"
1,"6eq39r0t",1,21,,5,"e1.5_2017-09-06","Fluid",1,"1590401214_78419_01"
1,"7tq3tbUd",0,21,,8,"e1.5_2017-09-06","Fluid",1,"1586698951_78419_01"
1,"Aosqpm7K",1,21,,6,"e1.5_2017-09-06","Fluid",1,"4198745311_78419_01"
1,"c6i3AAwk",1,21,,7,"e1.5_2017-09-06","Fluid",1,"4198734039_78419_01"
1,"ctPYgH2O",1,21,,4,"e1.5_2017-09-06","Fluid",1,"4209524955_78419_01"
1,"Gvw2kAUr",1,21,,3,"e1.5_2017-09-06","Fluid",1,"006297_S01_HH"
1,"HDIRa6VS",1,21,,7,"e1.5_2017-09-06","Fluid",1,"4135951463_78419_01"
1,"L3XqYDJz",1,21,,6,"e1.5_2017-09-06","Fluid",1,"008751_S01_HH"
1,"LYgovvuG",1,21,,7,"e1.5_2017-09-06","Fluid",1,"028085_S01_HH"
1,"OmtdCXCq",1,21,,7,"e1.5_2017-09-06","Fluid",1,"4224774627_78419_01"
1,"QqZJQqSV",1,21,,5,"e1.5_2017-09-06","Fluid",1,"1104441209_23694_01"
1,"S9a33uXU",1,21,,4,"e1.5_2017-09-06","Fluid",1,"4191195351_5107_01"
1,"uaj5qefo",1,21,,4,"e1.5_2017-09-06","Fluid",1,"4209514667_78419_01"
1,"uXJWcSH5",1,21,,8,"e1.5_2017-09-06","Fluid",1,"025702_S01_HH"
1,"VJyZMbUX",0,21,,6,"e1.5_2017-09-06","Fluid",1,"4210177559_78419_01"
1,"Xu1iETkg",1,21,,4,"e1.5_2017-09-06","Fluid",1,"4198746872_78419_01"
1,"ZZXk3eCC",1,21,,9,"e1.5_2017-09-06","Fluid",1,"4183007714_78419_01"
2,"16hkBHE1",1,21,1,13,"e1.5_2017-09-06","Fluid",1,"4198730040_78419_01"
2,"1RCOHcfE",1,21,1,10,"e1.5_2017-09-06","Fluid",1,"111400_3992_01"
2,"2Ls5Rpdm",1,21,1,11,"e1.5_2017-09-06","Fluid",1,"4198746100_78419_01"
2,"4MEMPAHc",1,21,1,9,"e1.5_2017-09-06","Fluid",1,"4148905031_78419_01"
2,"6eq39r0t",1,21,1,12,"e1.5_2017-09-06","Fluid",1,"1590401214_78419_01"
2,"7tq3tbUd",0,21,0,9,"e1.5_2017-09-06","Fluid",1,"1586698951_78419_01"
2,"Aosqpm7K",1,21,1,8,"e1.5_2017-09-06","Fluid",1,"4198745311_78419_01"
2,"c6i3AAwk",1,21,1,8,"e1.5_2017-09-06","Fluid",1,"4198734039_78419_01"
2,"ctPYgH2O",1,21,1,10,"e1.5_2017-09-06","Fluid",1,"4209524955_78419_01"
2,"Gvw2kAUr",0,21,1,10,"e1.5_2017-09-06","Fluid",1,"006297_S01_HH"
2,"HDIRa6VS",1,21,1,12,"e1.5_2017-09-06","Fluid",1,"4135951463_78419_01"
2,"L3XqYDJz",1,21,1,7,"e1.5_2017-09-06","Fluid",1,"008751_S01_HH"
2,"LYgovvuG",1,21,1,10,"e1.5_2017-09-06","Fluid",1,"028085_S01_HH"
2,"OmtdCXCq",1,21,1,10,"e1.5_2017-09-06","Fluid",1,"4224774627_78419_01"
2,"QqZJQqSV",1,21,1,9,"e1.5_2017-09-06","Fluid",1,"1104441209_23694_01"
2,"S9a33uXU",1,21,1,10,"e1.5_2017-09-06","Fluid",1,"4191195351_5107_01"
2,"uaj5qefo",1,21,1,11,"e1.5_2017-09-06","Fluid",1,"4209514667_78419_01"
2,"uXJWcSH5",1,21,1,10,"e1.5_2017-09-06","Fluid",1,"025702_S01_HH"
2,"VJyZMbUX",1,21,0,6,"e1.5_2017-09-06","Fluid",1,"4210177559_78419_01"
2,"Xu1iETkg",1,21,1,8,"e1.5_2017-09-06","Fluid",1,"4198746872_78419_01"
2,"ZZXk3eCC",1,21,1,13,"e1.5_2017-09-06","Fluid",1,"4183007714_78419_01"
3,"16hkBHE1",1,21,1,15,"e1.5_2017-09-06","Fluid",1,"4198730040_78419_01"
3,"1RCOHcfE",1,21,1,12,"e1.5_2017-09-06","Fluid",1,"111400_3992_01"
3,"2Ls5Rpdm",1,21,1,12,"e1.5_2017-09-06","Fluid",1,"4198746100_78419_01"
3,"4MEMPAHc",1,21,1,14,"e1.5_2017-09-06","Fluid",1,"4148905031_78419_01"
3,"6eq39r0t",1,21,1,16,"e1.5_2017-09-06","Fluid",1,"1590401214_78419_01"
3,"7tq3tbUd",0,21,0,9,"e1.5_2017-09-06","Fluid",1,"1586698951_78419_01"
3,"Aosqpm7K",1,21,1,13,"e1.5_2017-09-06","Fluid",1,"4198745311_78419_01"
3,"c6i3AAwk",1,21,1,13,"e1.5_2017-09-06","Fluid",1,"4198734039_78419_01"
3,"ctPYgH2O",1,21,1,15,"e1.5_2017-09-06","Fluid",1,"4209524955_78419_01"
3,"Gvw2kAUr",1,21,0,10,"e1.5_2017-09-06","Fluid",1,"006297_S01_HH"
3,"HDIRa6VS",1,21,1,12,"e1.5_2017-09-06","Fluid",1,"4135951463_78419_01"
3,"L3XqYDJz",1,21,1,11,"e1.5_2017-09-06","Fluid",1,"008751_S01_HH"
3,"LYgovvuG",1,21,1,11,"e1.5_2017-09-06","Fluid",1,"028085_S01_HH"
3,"OmtdCXCq",1,21,1,11,"e1.5_2017-09-06","Fluid",1,"4224774627_78419_01"
3,"QqZJQqSV",1,21,1,13,"e1.5_2017-09-06","Fluid",1,"1104441209_23694_01"
3,"S9a33uXU",1,21,1,14,"e1.5_2017-09-06","Fluid",1,"4191195351_5107_01"
3,"uaj5qefo",1,21,1,13,"e1.5_2017-09-06","Fluid",1,"4209514667_78419_01"
3,"uXJWcSH5",1,21,1,13,"e1.5_2017-09-06","Fluid",1,"025702_S01_HH"
3,"VJyZMbUX",1,21,1,11,"e1.5_2017-09-06","Fluid",1,"4210177559_78419_01"
3,"Xu1iETkg",1,21,1,11,"e1.5_2017-09-06","Fluid",1,"4198746872_78419_01"
3,"ZZXk3eCC",1,21,1,15,"e1.5_2017-09-06","Fluid",1,"4183007714_78419_01"
4,"16hkBHE1",1,21,1,15,"e1.5_2017-09-06","Fluid",1,"4198730040_78419_01"
4,"1RCOHcfE",1,21,1,13,"e1.5_2017-09-06","Fluid",1,"111400_3992_01"
4,"2Ls5Rpdm",1,21,1,12,"e1.5_2017-09-06","Fluid",1,"4198746100_78419_01"
4,"4MEMPAHc",1,21,1,14,"e1.5_2017-09-06","Fluid",1,"4148905031_78419_01"
4,"6eq39r0t",1,21,1,16,"e1.5_2017-09-06","Fluid",1,"1590401214_78419_01"
4,"7tq3tbUd",0,21,0,8,"e1.5_2017-09-06","Fluid",1,"1586698951_78419_01"
4,"Aosqpm7K",1,21,1,16,"e1.5_2017-09-06","Fluid",1,"4198745311_78419_01"
4,"c6i3AAwk",1,21,1,14,"e1.5_2017-09-06","Fluid",1,"4198734039_78419_01"
4,"ctPYgH2O",1,21,1,16,"e1.5_2017-09-06","Fluid",1,"4209524955_78419_01"
4,"Gvw2kAUr",1,21,1,13,"e1.5_2017-09-06","Fluid",1,"006297_S01_HH"
4,"HDIRa6VS",0,21,1,14,"e1.5_2017-09-06","Fluid",1,"4135951463_78419_01"
4,"L3XqYDJz",1,21,1,15,"e1.5_2017-09-06","Fluid",1,"008751_S01_HH"
4,"LYgovvuG",1,21,1,11,"e1.5_2017-09-06","Fluid",1,"028085_S01_HH"
4,"OmtdCXCq",1,21,1,11,"e1.5_2017-09-06","Fluid",1,"4224774627_78419_01"
4,"QqZJQqSV",1,21,1,16,"e1.5_2017-09-06","Fluid",1,"1104441209_23694_01"
4,"S9a33uXU",1,21,1,16,"e1.5_2017-09-06","Fluid",1,"4191195351_5107_01"
4,"uaj5qefo",1,21,1,16,"e1.5_2017-09-06","Fluid",1,"4209514667_78419_01"
4,"uXJWcSH5",1,21,1,14,"e1.5_2017-09-06","Fluid",1,"025702_S01_HH"
4,"VJyZMbUX",1,21,1,13,"e1.5_2017-09-06","Fluid",1,"4210177559_78419_01"
4,"Xu1iETkg",1,21,1,13,"e1.5_2017-09-06","Fluid",1,"4198746872_78419_01"
4,"ZZXk3eCC",1,21,1,16,"e1.5_2017-09-06","Fluid",1,"4183007714_78419_01"
5,"16hkBHE1",1,21,1,16,"e1.5_2017-09-06","Fluid",1,"4198730040_78419_01"
5,"1RCOHcfE",1,21,1,15,"e1.5_2017-09-06","Fluid",1,"111400_3992_01"
5,"2Ls5Rpdm",1,21,1,13,"e1.5_2017-09-06","Fluid",1,"4198746100_78419_01"
5,"4MEMPAHc",1,21,1,17,"e1.5_2017-09-06","Fluid",1,"4148905031_78419_01"
5,"6eq39r0t",1,21,1,19,"e1.5_2017-09-06","Fluid",1,"1590401214_78419_01"
5,"7tq3tbUd",1,21,0,6,"e1.5_2017-09-06","Fluid",1,"1586698951_78419_01"
5,"Aosqpm7K",0,21,1,17,"e1.5_2017-09-06","Fluid",1,"4198745311_78419_01"
5,"c6i3AAwk",1,21,1,15,"e1.5_2017-09-06","Fluid",1,"4198734039_78419_01"
5,"ctPYgH2O",1,21,1,17,"e1.5_2017-09-06","Fluid",1,"4209524955_78419_01"
5,"Gvw2kAUr",1,21,1,15,"e1.5_2017-09-06","Fluid",1,"006297_S01_HH"
5,"HDIRa6VS",1,21,0,13,"e1.5_2017-09-06","Fluid",1,"4135951463_78419_01"
5,"L3XqYDJz",1,21,1,18,"e1.5_2017-09-06","Fluid",1,"008751_S01_HH"
5,"LYgovvuG",1,21,1,15,"e1.5_2017-09-06","Fluid",1,"028085_S01_HH"
5,"OmtdCXCq",1,21,1,14,"e1.5_2017-09-06","Fluid",1,"4224774627_78419_01"
5,"QqZJQqSV",1,21,1,16,"e1.5_2017-09-06","Fluid",1,"1104441209_23694_01"
5,"S9a33uXU",1,21,1,17,"e1.5_2017-09-06","Fluid",1,"4191195351_5107_01"
5,"uaj5qefo",1,21,1,17,"e1.5_2017-09-06","Fluid",1,"4209514667_78419_01"
5,"uXJWcSH5",1,21,1,15,"e1.5_2017-09-06","Fluid",1,"025702_S01_HH"
5,"VJyZMbUX",1,21,1,16,"e1.5_2017-09-06","Fluid",1,"4210177559_78419_01"
5,"Xu1iETkg",1,21,1,15,"e1.5_2017-09-06","Fluid",1,"4198746872_78419_01"
5,"ZZXk3eCC",1,21,1,18,"e1.5_2017-09-06","Fluid",1,"4183007714_78419_01"
6,"16hkBHE1",1,21,1,17,"e1.5_2017-09-06","Fluid",1,"4198730040_78419_01"
6,"1RCOHcfE",1,21,1,15,"e1.5_2017-09-06","Fluid",1,"111400_3992_01"
6,"2Ls5Rpdm",1,21,1,14,"e1.5_2017-09-06","Fluid",1,"4198746100_78419_01"
6,"4MEMPAHc",1,21,1,18,"e1.5_2017-09-06","Fluid",1,"4148905031_78419_01"
6,"6eq39r0t",1,21,1,19,"e1.5_2017-09-06","Fluid",1,"1590401214_78419_01"
6,"7tq3tbUd",0,21,1,7,"e1.5_2017-09-06","Fluid",1,"1586698951_78419_01"
6,"Aosqpm7K",1,21,0,14,"e1.5_2017-09-06","Fluid",1,"4198745311_78419_01"
6,"c6i3AAwk",1,21,1,15,"e1.5_2017-09-06","Fluid",1,"4198734039_78419_01"
6,"ctPYgH2O",1,21,1,17,"e1.5_2017-09-06","Fluid",1,"4209524955_78419_01"
6,"Gvw2kAUr",1,21,1,15,"e1.5_2017-09-06","Fluid",1,"006297_S01_HH"
6,"HDIRa6VS",0,21,1,14,"e1.5_2017-09-06","Fluid",1,"4135951463_78419_01"
6,"L3XqYDJz",1,21,1,18,"e1.5_2017-09-06","Fluid",1,"008751_S01_HH"
6,"LYgovvuG",1,21,1,18,"e1.5_2017-09-06","Fluid",1,"028085_S01_HH"
6,"OmtdCXCq",1,21,1,18,"e1.5_2017-09-06","Fluid",1,"4224774627_78419_01"
6,"QqZJQqSV",1,21,1,16,"e1.5_2017-09-06","Fluid",1,"1104441209_23694_01"
6,"S9a33uXU",1,21,1,18,"e1.5_2017-09-06","Fluid",1,"4191195351_5107_01"
6,"uaj5qefo",1,21,1,19,"e1.5_2017-09-06","Fluid",1,"4209514667_78419_01"
6,"uXJWcSH5",1,21,1,15,"e1.5_2017-09-06","Fluid",1,"025702_S01_HH"
6,"VJyZMbUX",1,21,1,16,"e1.5_2017-09-06","Fluid",1,"4210177559_78419_01"
6,"Xu1iETkg",1,21,1,14,"e1.5_2017-09-06","Fluid",1,"4198746872_78419_01"
6,"ZZXk3eCC",1,21,1,17,"e1.5_2017-09-06","Fluid",1,"4183007714_78419_01"
7,"16hkBHE1",1,21,1,16,"e1.5_2017-09-06","Fluid",1,"4198730040_78419_01"
7,"1RCOHcfE",1,21,1,16,"e1.5_2017-09-06","Fluid",1,"111400_3992_01"
7,"2Ls5Rpdm",1,21,1,15,"e1.5_2017-09-06","Fluid",1,"4198746100_78419_01"
7,"4MEMPAHc",1,21,1,20,"e1.5_2017-09-06","Fluid",1,"4148905031_78419_01"
7,"6eq39r0t",1,21,1,19,"e1.5_2017-09-06","Fluid",1,"1590401214_78419_01"
7,"7tq3tbUd",1,21,0,6,"e1.5_2017-09-06","Fluid",1,"1586698951_78419_01"
7,"Aosqpm7K",1,21,1,15,"e1.5_2017-09-06","Fluid",1,"4198745311_78419_01"
7,"c6i3AAwk",1,21,1,15,"e1.5_2017-09-06","Fluid",1,"4198734039_78419_01"
7,"ctPYgH2O",1,21,1,16,"e1.5_2017-09-06","Fluid",1,"4209524955_78419_01"
7,"Gvw2kAUr",0,21,1,17,"e1.5_2017-09-06","Fluid",1,"006297_S01_HH"
7,"HDIRa6VS",1,21,0,13,"e1.5_2017-09-06","Fluid",1,"4135951463_78419_01"
7,"L3XqYDJz",1,21,1,19,"e1.5_2017-09-06","Fluid",1,"008751_S01_HH"
7,"LYgovvuG",1,21,1,18,"e1.5_2017-09-06","Fluid",1,"028085_S01_HH"
7,"OmtdCXCq",1,21,1,20,"e1.5_2017-09-06","Fluid",1,"4224774627_78419_01"
7,"QqZJQqSV",1,21,1,18,"e1.5_2017-09-06","Fluid",1,"1104441209_23694_01"
7,"S9a33uXU",1,21,1,18,"e1.5_2017-09-06","Fluid",1,"4191195351_5107_01"
7,"uaj5qefo",1,21,1,19,"e1.5_2017-09-06","Fluid",1,"4209514667_78419_01"
7,"uXJWcSH5",1,21,1,15,"e1.5_2017-09-06","Fluid",1,"025702_S01_HH"
7,"VJyZMbUX",1,21,1,16,"e1.5_2017-09-06","Fluid",1,"4210177559_78419_01"
7,"Xu1iETkg",1,21,1,14,"e1.5_2017-09-06","Fluid",1,"4198746872_78419_01"
7,"ZZXk3eCC",1,21,1,17,"e1.5_2017-09-06","Fluid",1,"4183007714_78419_01"
8,"16hkBHE1",1,21,1,19,"e1.5_2017-09-06","Fluid",1,"4198730040_78419_01"
8,"1RCOHcfE",1,21,1,16,"e1.5_2017-09-06","Fluid",1,"111400_3992_01"
8,"2Ls5Rpdm",1,21,1,15,"e1.5_2017-09-06","Fluid",1,"4198746100_78419_01"
8,"4MEMPAHc",1,21,1,20,"e1.5_2017-09-06","Fluid",1,"4148905031_78419_01"
8,"6eq39r0t",1,21,1,19,"e1.5_2017-09-06","Fluid",1,"1590401214_78419_01"
8,"7tq3tbUd",0,21,1,10,"e1.5_2017-09-06","Fluid",1,"1586698951_78419_01"
8,"Aosqpm7K",1,21,1,15,"e1.5_2017-09-06","Fluid",1,"4198745311_78419_01"
8,"c6i3AAwk",1,21,1,15,"e1.5_2017-09-06","Fluid",1,"4198734039_78419_01"
8,"ctPYgH2O",1,21,1,17,"e1.5_2017-09-06","Fluid",1,"4209524955_78419_01"
8,"Gvw2kAUr",1,21,0,16,"e1.5_2017-09-06","Fluid",1,"006297_S01_HH"
8,"HDIRa6VS",0,21,1,14,"e1.5_2017-09-06","Fluid",1,"4135951463_78419_01"
8,"L3XqYDJz",1,21,1,18,"e1.5_2017-09-06","Fluid",1,"008751_S01_HH"
8,"LYgovvuG",1,21,1,18,"e1.5_2017-09-06","Fluid",1,"028085_S01_HH"
8,"OmtdCXCq",1,21,1,20,"e1.5_2017-09-06","Fluid",1,"4224774627_78419_01"
8,"QqZJQqSV",1,21,1,18,"e1.5_2017-09-06","Fluid",1,"1104441209_23694_01"
8,"S9a33uXU",0,21,1,18,"e1.5_2017-09-06","Fluid",1,"4191195351_5107_01"
8,"uaj5qefo",1,21,1,19,"e1.5_2017-09-06","Fluid",1,"4209514667_78419_01"
8,"uXJWcSH5",1,21,1,15,"e1.5_2017-09-06","Fluid",1,"025702_S01_HH"
8,"VJyZMbUX",1,21,1,17,"e1.5_2017-09-06","Fluid",1,"4210177559_78419_01"
8,"Xu1iETkg",1,21,1,14,"e1.5_2017-09-06","Fluid",1,"4198746872_78419_01"
8,"ZZXk3eCC",1,21,1,19,"e1.5_2017-09-06","Fluid",1,"4183007714_78419_01"
9,"16hkBHE1",1,21,1,19,"e1.5_2017-09-06","Fluid",1,"4198730040_78419_01"
9,"1RCOHcfE",1,21,1,17,"e1.5_2017-09-06","Fluid",1,"111400_3992_01"
9,"2Ls5Rpdm",1,21,1,15,"e1.5_2017-09-06","Fluid",1,"4198746100_78419_01"
9,"4MEMPAHc",1,21,1,20,"e1.5_2017-09-06","Fluid",1,"4148905031_78419_01"
9,"6eq39r0t",1,21,1,19,"e1.5_2017-09-06","Fluid",1,"1590401214_78419_01"
9,"7tq3tbUd",0,21,0,11,"e1.5_2017-09-06","Fluid",1,"1586698951_78419_01"
9,"Aosqpm7K",1,21,1,17,"e1.5_2017-09-06","Fluid",1,"4198745311_78419_01"
9,"c6i3AAwk",1,21,1,15,"e1.5_2017-09-06","Fluid",1,"4198734039_78419_01"
9,"ctPYgH2O",1,21,1,16,"e1.5_2017-09-06","Fluid",1,"4209524955_78419_01"
9,"Gvw2kAUr",1,21,1,17,"e1.5_2017-09-06","Fluid",1,"006297_S01_HH"
9,"HDIRa6VS",0,21,0,15,"e1.5_2017-09-06","Fluid",1,"4135951463_78419_01"
9,"L3XqYDJz",1,21,1,18,"e1.5_2017-09-06","Fluid",1,"008751_S01_HH"
9,"LYgovvuG",1,21,1,20,"e1.5_2017-09-06","Fluid",1,"028085_S01_HH"
9,"OmtdCXCq",1,21,1,19,"e1.5_2017-09-06","Fluid",1,"4224774627_78419_01"
9,"QqZJQqSV",1,21,1,19,"e1.5_2017-09-06","Fluid",1,"1104441209_23694_01"
9,"S9a33uXU",1,21,0,17,"e1.5_2017-09-06","Fluid",1,"4191195351_5107_01"
9,"uaj5qefo",1,21,1,19,"e1.5_2017-09-06","Fluid",1,"4209514667_78419_01"
9,"uXJWcSH5",1,21,1,17,"e1.5_2017-09-06","Fluid",1,"025702_S01_HH"
9,"VJyZMbUX",1,21,1,18,"e1.5_2017-09-06","Fluid",1,"4210177559_78419_01"
9,"Xu1iETkg",1,21,1,13,"e1.5_2017-09-06","Fluid",1,"4198746872_78419_01"
9,"ZZXk3eCC",1,21,1,19,"e1.5_2017-09-06","Fluid",1,"4183007714_78419_01"
10,"16hkBHE1",1,21,1,19,"e1.5_2017-09-06","Fluid",1,"4198730040_78419_01"
10,"1RCOHcfE",1,21,1,18,"e1.5_2017-09-06","Fluid",1,"111400_3992_01"
10,"2Ls5Rpdm",1,21,1,15,"e1.5_2017-09-06","Fluid",1,"4198746100_78419_01"
10,"4MEMPAHc",0,21,1,20,"e1.5_2017-09-06","Fluid",1,"4148905031_78419_01"
10,"6eq39r0t",1,21,1,19,"e1.5_2017-09-06","Fluid",1,"1590401214_78419_01"
10,"7tq3tbUd",0,21,0,11,"e1.5_2017-09-06","Fluid",1,"1586698951_78419_01"
10,"Aosqpm7K",1,21,1,16,"e1.5_2017-09-06","Fluid",1,"4198745311_78419_01"
10,"c6i3AAwk",1,21,1,16,"e1.5_2017-09-06","Fluid",1,"4198734039_78419_01"
10,"ctPYgH2O",1,21,1,18,"e1.5_2017-09-06","Fluid",1,"4209524955_78419_01"
10,"Gvw2kAUr",1,21,1,19,"e1.5_2017-09-06","Fluid",1,"006297_S01_HH"
10,"HDIRa6VS",0,21,0,15,"e1.5_2017-09-06","Fluid",1,"4135951463_78419_01"
10,"L3XqYDJz",1,21,1,18,"e1.5_2017-09-06","Fluid",1,"008751_S01_HH"
10,"LYgovvuG",1,21,1,20,"e1.5_2017-09-06","Fluid",1,"028085_S01_HH"
10,"OmtdCXCq",1,21,1,19,"e1.5_2017-09-06","Fluid",1,"4224774627_78419_01"
10,"QqZJQqSV",1,21,1,19,"e1.5_2017-09-06","Fluid",1,"1104441209_23694_01"
10,"S9a33uXU",1,21,1,18,"e1.5_2017-09-06","Fluid",1,"4191195351_5107_01"
10,"uaj5qefo",1,21,1,18,"e1.5_2017-09-06","Fluid",1,"4209514667_78419_01"
10,"uXJWcSH5",1,21,1,17,"e1.5_2017-09-06","Fluid",1,"025702_S01_HH"
10,"VJyZMbUX",1,21,1,19,"e1.5_2017-09-06","Fluid",1,"4210177559_78419_01"
10,"Xu1iETkg",1,21,1,17,"e1.5_2017-09-06","Fluid",1,"4198746872_78419_01"
10,"ZZXk3eCC",1,21,1,19,"e1.5_2017-09-06","Fluid",1,"4183007714_78419_01"
11,"16hkBHE1",1,21,1,19,"e1.5_2017-09-06","Fluid",1,"4198730040_78419_01"
11,"1RCOHcfE",1,21,1,18,"e1.5_2017-09-06","Fluid",1,"111400_3992_01"
11,"2Ls5Rpdm",1,21,1,16,"e1.5_2017-09-06","Fluid",1,"4198746100_78419_01"
11,"4MEMPAHc",1,21,0,16,"e1.5_2017-09-06","Fluid",1,"4148905031_78419_01"
11,"6eq39r0t",1,21,1,19,"e1.5_2017-09-06","Fluid",1,"1590401214_78419_01"
11,"7tq3tbUd",0,21,0,11,"e1.5_2017-09-06","Fluid",1,"1586698951_78419_01"
11,"Aosqpm7K",1,21,1,17,"e1.5_2017-09-06","Fluid",1,"4198745311_78419_01"
11,"c6i3AAwk",1,21,1,15,"e1.5_2017-09-06","Fluid",1,"4198734039_78419_01"
11,"ctPYgH2O",1,21,1,17,"e1.5_2017-09-06","Fluid",1,"4209524955_78419_01"
11,"Gvw2kAUr",1,21,1,18,"e1.5_2017-09-06","Fluid",1,"006297_S01_HH"
11,"HDIRa6VS",1,21,0,14,"e1.5_2017-09-06","Fluid",1,"4135951463_78419_01"
11,"L3XqYDJz",1,21,1,18,"e1.5_2017-09-06","Fluid",1,"008751_S01_HH"
11,"LYgovvuG",1,21,1,20,"e1.5_2017-09-06","Fluid",1,"028085_S01_HH"
11,"OmtdCXCq",1,21,1,18,"e1.5_2017-09-06","Fluid",1,"4224774627_78419_01"
11,"QqZJQqSV",1,21,1,19,"e1.5_2017-09-06","Fluid",1,"1104441209_23694_01"
11,"S9a33uXU",1,21,1,19,"e1.5_2017-09-06","Fluid",1,"4191195351_5107_01"
11,"uaj5qefo",1,21,1,17,"e1.5_2017-09-06","Fluid",1,"4209514667_78419_01"
11,"uXJWcSH5",1,21,1,16,"e1.5_2017-09-06","Fluid",1,"025702_S01_HH"
11,"VJyZMbUX",1,21,1,20,"e1.5_2017-09-06","Fluid",1,"4210177559_78419_01"
11,"Xu1iETkg",1,21,1,18,"e1.5_2017-09-06","Fluid",1,"4198746872_78419_01"
11,"ZZXk3eCC",1,21,1,19,"e1.5_2017-09-06","Fluid",1,"4183007714_78419_01"
12,"16hkBHE1",1,21,1,19,"e1.5_2017-09-06","Fluid",1,"4198730040_78419_01"
12,"1RCOHcfE",1,21,1,17,"e1.5_2017-09-06","Fluid",1,"111400_3992_01"
12,"2Ls5Rpdm",1,21,1,17,"e1.5_2017-09-06","Fluid",1,"4198746100_78419_01"
12,"4MEMPAHc",1,21,1,17,"e1.5_2017-09-06","Fluid",1,"4148905031_78419_01"
12,"6eq39r0t",1,21,1,19,"e1.5_2017-09-06","Fluid",1,"1590401214_78419_01"
12,"7tq3tbUd",0,21,0,10,"e1.5_2017-09-06","Fluid",1,"1586698951_78419_01"
12,"Aosqpm7K",1,21,1,17,"e1.5_2017-09-06","Fluid",1,"4198745311_78419_01"
12,"c6i3AAwk",1,21,1,17,"e1.5_2017-09-06","Fluid",1,"4198734039_78419_01"
12,"ctPYgH2O",1,21,1,18,"e1.5_2017-09-06","Fluid",1,"4209524955_78419_01"
12,"Gvw2kAUr",1,21,1,18,"e1.5_2017-09-06","Fluid",1,"006297_S01_HH"
12,"HDIRa6VS",1,21,1,16,"e1.5_2017-09-06","Fluid",1,"4135951463_78419_01"
12,"L3XqYDJz",1,21,1,18,"e1.5_2017-09-06","Fluid",1,"008751_S01_HH"
12,"LYgovvuG",1,21,1,20,"e1.5_2017-09-06","Fluid",1,"028085_S01_HH"
12,"OmtdCXCq",1,21,1,18,"e1.5_2017-09-06","Fluid",1,"4224774627_78419_01"
12,"QqZJQqSV",1,21,1,19,"e1.5_2017-09-06","Fluid",1,"1104441209_23694_01"
12,"S9a33uXU",1,21,1,19,"e1.5_2017-09-06","Fluid",1,"4191195351_5107_01"
12,"uaj5qefo",1,21,1,18,"e1.5_2017-09-06","Fluid",1,"4209514667_78419_01"
12,"uXJWcSH5",1,21,1,17,"e1.5_2017-09-06","Fluid",1,"025702_S01_HH"
12,"VJyZMbUX",1,21,1,19,"e1.5_2017-09-06","Fluid",1,"4210177559_78419_01"
12,"Xu1iETkg",1,21,1,18,"e1.5_2017-09-06","Fluid",1,"4198746872_78419_01"
12,"ZZXk3eCC",1,21,1,19,"e1.5_2017-09-06","Fluid",1,"4183007714_78419_01"
13,"16hkBHE1",1,21,1,19,"e1.5_2017-09-06","Fluid",1,"4198730040_78419_01"
13,"1RCOHcfE",1,21,1,17,"e1.5_2017-09-06","Fluid",1,"111400_3992_01"
13,"2Ls5Rpdm",1,21,1,17,"e1.5_2017-09-06","Fluid",1,"4198746100_78419_01"
13,"4MEMPAHc",1,21,1,18,"e1.5_2017-09-06","Fluid",1,"4148905031_78419_01"
13,"6eq39r0t",1,21,1,19,"e1.5_2017-09-06","Fluid",1,"1590401214_78419_01"
13,"7tq3tbUd",0,21,0,9,"e1.5_2017-09-06","Fluid",1,"1586698951_78419_01"
13,"Aosqpm7K",1,21,1,17,"e1.5_2017-09-06","Fluid",1,"4198745311_78419_01"
13,"c6i3AAwk",1,21,1,18,"e1.5_2017-09-06","Fluid",1,"4198734039_78419_01"
13,"ctPYgH2O",1,21,1,17,"e1.5_2017-09-06","Fluid",1,"4209524955_78419_01"
13,"Gvw2kAUr",1,21,1,18,"e1.5_2017-09-06","Fluid",1,"006297_S01_HH"
13,"HDIRa6VS",0,21,1,17,"e1.5_2017-09-06","Fluid",1,"4135951463_78419_01"
13,"L3XqYDJz",1,21,1,18,"e1.5_2017-09-06","Fluid",1,"008751_S01_HH"
13,"LYgovvuG",1,21,1,20,"e1.5_2017-09-06","Fluid",1,"028085_S01_HH"
13,"OmtdCXCq",1,21,1,18,"e1.5_2017-09-06","Fluid",1,"4224774627_78419_01"
13,"QqZJQqSV",1,21,1,19,"e1.5_2017-09-06","Fluid",1,"1104441209_23694_01"
13,"S9a33uXU",0,21,1,19,"e1.5_2017-09-06","Fluid",1,"4191195351_5107_01"
13,"uaj5qefo",1,21,1,18,"e1.5_2017-09-06","Fluid",1,"4209514667_78419_01"
13,"uXJWcSH5",1,21,1,18,"e1.5_2017-09-06","Fluid",1,"025702_S01_HH"
13,"VJyZMbUX",1,21,1,19,"e1.5_2017-09-06","Fluid",1,"4210177559_78419_01"
13,"Xu1iETkg",1,21,1,18,"e1.5_2017-09-06","Fluid",1,"4198746872_78419_01"
13,"ZZXk3eCC",1,21,1,19,"e1.5_2017-09-06","Fluid",1,"4183007714_78419_01"
14,"16hkBHE1",1,20,1,19,"e1.5_2017-09-06","Fluid",1,"4198730040_78419_01"
14,"1RCOHcfE",1,20,1,17,"e1.5_2017-09-06","Fluid",1,"111400_3992_01"
14,"2Ls5Rpdm",1,20,1,16,"e1.5_2017-09-06","Fluid",1,"4198746100_78419_01"
14,"4MEMPAHc",1,20,1,17,"e1.5_2017-09-06","Fluid",1,"4148905031_78419_01"
14,"6eq39r0t",1,20,1,18,"e1.5_2017-09-06","Fluid",1,"1590401214_78419_01"
14,"7tq3tbUd",1,20,0,8,"e1.5_2017-09-06","Fluid",1,"1586698951_78419_01"
14,"Aosqpm7K",1,20,1,16,"e1.5_2017-09-06","Fluid",1,"4198745311_78419_01"
14,"c6i3AAwk",1,20,1,19,"e1.5_2017-09-06","Fluid",1,"4198734039_78419_01"
14,"ctPYgH2O",1,20,1,18,"e1.5_2017-09-06","Fluid",1,"4209524955_78419_01"
14,"Gvw2kAUr",0,20,1,18,"e1.5_2017-09-06","Fluid",1,"006297_S01_HH"
14,"HDIRa6VS",1,20,0,14,"e1.5_2017-09-06","Fluid",1,"4135951463_78419_01"
14,"L3XqYDJz",1,20,1,17,"e1.5_2017-09-06","Fluid",1,"008751_S01_HH"
14,"LYgovvuG",1,20,1,18,"e1.5_2017-09-06","Fluid",1,"028085_S01_HH"
14,"OmtdCXCq",1,20,1,16,"e1.5_2017-09-06","Fluid",1,"4224774627_78419_01"
14,"QqZJQqSV",1,20,1,20,"e1.5_2017-09-06","Fluid",1,"1104441209_23694_01"
14,"S9a33uXU",1,20,0,14,"e1.5_2017-09-06","Fluid",1,"4191195351_5107_01"
14,"uaj5qefo",1,20,1,18,"e1.5_2017-09-06","Fluid",1,"4209514667_78419_01"
14,"uXJWcSH5",1,20,1,18,"e1.5_2017-09-06","Fluid",1,"025702_S01_HH"
14,"Xu1iETkg",1,20,1,18,"e1.5_2017-09-06","Fluid",1,"4198746872_78419_01"
14,"ZZXk3eCC",1,20,1,19,"e1.5_2017-09-06","Fluid",1,"4183007714_78419_01"
15,"16hkBHE1",1,20,1,19,"e1.5_2017-09-06","Fluid",1,"4198730040_78419_01"
15,"1RCOHcfE",1,20,1,17,"e1.5_2017-09-06","Fluid",1,"111400_3992_01"
15,"2Ls5Rpdm",1,20,1,15,"e1.5_2017-09-06","Fluid",1,"4198746100_78419_01"
15,"4MEMPAHc",1,20,1,18,"e1.5_2017-09-06","Fluid",1,"4148905031_78419_01"
15,"6eq39r0t",1,20,1,19,"e1.5_2017-09-06","Fluid",1,"1590401214_78419_01"
15,"7tq3tbUd",0,20,1,10,"e1.5_2017-09-06","Fluid",1,"1586698951_78419_01"
15,"Aosqpm7K",1,20,1,18,"e1.5_2017-09-06","Fluid",1,"4198745311_78419_01"
15,"c6i3AAwk",1,20,1,20,"e1.5_2017-09-06","Fluid",1,"4198734039_78419_01"
15,"ctPYgH2O",1,20,1,17,"e1.5_2017-09-06","Fluid",1,"4209524955_78419_01"
15,"Gvw2kAUr",1,20,0,17,"e1.5_2017-09-06","Fluid",1,"006297_S01_HH"
15,"HDIRa6VS",0,20,1,18,"e1.5_2017-09-06","Fluid",1,"4135951463_78419_01"
15,"L3XqYDJz",1,20,1,17,"e1.5_2017-09-06","Fluid",1,"008751_S01_HH"
15,"LYgovvuG",1,20,1,19,"e1.5_2017-09-06","Fluid",1,"028085_S01_HH"
15,"OmtdCXCq",1,20,1,17,"e1.5_2017-09-06","Fluid",1,"4224774627_78419_01"
15,"QqZJQqSV",1,20,1,20,"e1.5_2017-09-06","Fluid",1,"1104441209_23694_01"
15,"S9a33uXU",1,20,1,15,"e1.5_2017-09-06","Fluid",1,"4191195351_5107_01"
15,"uaj5qefo",1,20,1,18,"e1.5_2017-09-06","Fluid",1,"4209514667_78419_01"
15,"uXJWcSH5",1,20,1,17,"e1.5_2017-09-06","Fluid",1,"025702_S01_HH"
15,"Xu1iETkg",1,20,1,18,"e1.5_2017-09-06","Fluid",1,"4198746872_78419_01"
15,"ZZXk3eCC",1,20,1,19,"e1.5_2017-09-06","Fluid",1,"4183007714_78419_01"
1,"5fEdkQPG",1,11,,4,"e1.6_2017-09-07","Static",0,"4222250775_78419_01"
1,"9Hp1BYfO",1,11,,1,"e1.6_2017-09-07","Static",0,"1590406379_78419_01"
1,"hBbqBxNW",1,11,,3,"e1.6_2017-09-07","Static",0,"4222262517_78419_01"
1,"NazHAhes",1,11,,3,"e1.6_2017-09-07","Static",0,"4210188230_78419_01"
1,"NnBttzzc",1,11,,1,"e1.6_2017-09-07","Static",0,"4182916071_78419_01"
1,"PDbvxhQc",0,11,,3,"e1.6_2017-09-07","Static",0,"121889_3992_01"
1,"sMnHmfw8",1,11,,2,"e1.6_2017-09-07","Static",0,"1890035601_78419_01"
1,"VT33WV9Z",1,11,,5,"e1.6_2017-09-07","Static",0,"4182997487_78419_01"
1,"wornupgN",1,11,,3,"e1.6_2017-09-07","Static",0,"4182937142_78419_01"
1,"z1B8b3UP",1,11,,2,"e1.6_2017-09-07","Static",0,"1976098278_78419_01"
1,"ZXp0Nf1O",1,11,,1,"e1.6_2017-09-07","Static",0,"4222265576_78419_01"
2,"5fEdkQPG",1,11,1,4,"e1.6_2017-09-07","Static",0,"4222250775_78419_01"
2,"9Hp1BYfO",1,11,1,1,"e1.6_2017-09-07","Static",0,"1590406379_78419_01"
2,"hBbqBxNW",1,11,1,3,"e1.6_2017-09-07","Static",0,"4222262517_78419_01"
2,"NazHAhes",1,11,1,3,"e1.6_2017-09-07","Static",0,"4210188230_78419_01"
2,"NnBttzzc",1,11,1,1,"e1.6_2017-09-07","Static",0,"4182916071_78419_01"
2,"PDbvxhQc",0,11,0,3,"e1.6_2017-09-07","Static",0,"121889_3992_01"
2,"sMnHmfw8",1,11,1,2,"e1.6_2017-09-07","Static",0,"1890035601_78419_01"
2,"VT33WV9Z",0,11,1,5,"e1.6_2017-09-07","Static",0,"4182997487_78419_01"
2,"wornupgN",0,11,1,3,"e1.6_2017-09-07","Static",0,"4182937142_78419_01"
2,"z1B8b3UP",1,11,1,2,"e1.6_2017-09-07","Static",0,"1976098278_78419_01"
2,"ZXp0Nf1O",1,11,1,1,"e1.6_2017-09-07","Static",0,"4222265576_78419_01"
1,"b3pCCPJi",1,10,,2,"e1.8_2017-09-17","Fluid",1,"4142196852_78419_01"
1,"CDitEj5Y",1,10,,1,"e1.8_2017-09-17","Fluid",1,"4210176701_78419_01"
1,"dbeyNtbX",1,10,,3,"e1.8_2017-09-17","Fluid",1,"087915_S02_02"
1,"E1MjVql9",1,10,,3,"e1.8_2017-09-17","Fluid",1,"4210170720_78419_01"
1,"jLzegXH6",1,10,,1,"e1.8_2017-09-17","Fluid",1,"4210178541_78419_01"
1,"Lr3wZh88",1,10,,5,"e1.8_2017-09-17","Fluid",1,"061301_S02_02"
1,"OSo4hIty",1,10,,1,"e1.8_2017-09-17","Fluid",1,"4206014237_78419_01"
1,"S2AgJ1pT",1,10,,4,"e1.8_2017-09-17","Fluid",1,"143881_3992_01"
1,"w0pqJYEi",1,10,,2,"e1.8_2017-09-17","Fluid",1,"4109809643_78419_01"
1,"wU4n9hI1",1,10,,2,"e1.8_2017-09-17","Fluid",1,"4198699806_78419_01"
2,"b3pCCPJi",1,11,1,4,"e1.8_2017-09-17","Fluid",1,"4142196852_78419_01"
2,"CDitEj5Y",1,11,1,3,"e1.8_2017-09-17","Fluid",1,"4210176701_78419_01"
2,"dbeyNtbX",1,11,1,4,"e1.8_2017-09-17","Fluid",1,"087915_S02_02"
2,"E1MjVql9",1,11,1,7,"e1.8_2017-09-17","Fluid",1,"4210170720_78419_01"
2,"jLzegXH6",1,11,1,2,"e1.8_2017-09-17","Fluid",1,"4210178541_78419_01"
2,"Lr3wZh88",1,11,1,5,"e1.8_2017-09-17","Fluid",1,"061301_S02_02"
2,"OSo4hIty",1,11,1,2,"e1.8_2017-09-17","Fluid",1,"4206014237_78419_01"
2,"S2AgJ1pT",1,11,1,7,"e1.8_2017-09-17","Fluid",1,"143881_3992_01"
2,"tqPAyJE4",1,11,,1,"e1.8_2017-09-17","Fluid",1,"4224780943_78419_01"
2,"w0pqJYEi",1,11,1,3,"e1.8_2017-09-17","Fluid",1,"4109809643_78419_01"
2,"wU4n9hI1",1,11,1,2,"e1.8_2017-09-17","Fluid",1,"4198699806_78419_01"
3,"b3pCCPJi",1,11,1,4,"e1.8_2017-09-17","Fluid",1,"4142196852_78419_01"
3,"CDitEj5Y",1,11,1,5,"e1.8_2017-09-17","Fluid",1,"4210176701_78419_01"
3,"dbeyNtbX",1,11,1,5,"e1.8_2017-09-17","Fluid",1,"087915_S02_02"
3,"E1MjVql9",1,11,1,8,"e1.8_2017-09-17","Fluid",1,"4210170720_78419_01"
3,"jLzegXH6",1,11,1,4,"e1.8_2017-09-17","Fluid",1,"4210178541_78419_01"
3,"Lr3wZh88",1,11,1,5,"e1.8_2017-09-17","Fluid",1,"061301_S02_02"
3,"OSo4hIty",1,11,1,4,"e1.8_2017-09-17","Fluid",1,"4206014237_78419_01"
3,"S2AgJ1pT",1,11,1,7,"e1.8_2017-09-17","Fluid",1,"143881_3992_01"
3,"tqPAyJE4",1,11,1,4,"e1.8_2017-09-17","Fluid",1,"4224780943_78419_01"
3,"w0pqJYEi",1,11,1,5,"e1.8_2017-09-17","Fluid",1,"4109809643_78419_01"
3,"wU4n9hI1",1,11,1,3,"e1.8_2017-09-17","Fluid",1,"4198699806_78419_01"
4,"b3pCCPJi",1,11,1,5,"e1.8_2017-09-17","Fluid",1,"4142196852_78419_01"
4,"CDitEj5Y",1,11,1,7,"e1.8_2017-09-17","Fluid",1,"4210176701_78419_01"
4,"dbeyNtbX",1,11,1,5,"e1.8_2017-09-17","Fluid",1,"087915_S02_02"
4,"E1MjVql9",0,11,1,8,"e1.8_2017-09-17","Fluid",1,"4210170720_78419_01"
4,"jLzegXH6",1,11,1,4,"e1.8_2017-09-17","Fluid",1,"4210178541_78419_01"
4,"Lr3wZh88",1,11,1,7,"e1.8_2017-09-17","Fluid",1,"061301_S02_02"
4,"OSo4hIty",1,11,1,4,"e1.8_2017-09-17","Fluid",1,"4206014237_78419_01"
4,"S2AgJ1pT",1,11,1,7,"e1.8_2017-09-17","Fluid",1,"143881_3992_01"
4,"tqPAyJE4",1,11,1,6,"e1.8_2017-09-17","Fluid",1,"4224780943_78419_01"
4,"w0pqJYEi",1,11,1,6,"e1.8_2017-09-17","Fluid",1,"4109809643_78419_01"
4,"wU4n9hI1",1,11,1,3,"e1.8_2017-09-17","Fluid",1,"4198699806_78419_01"
5,"b3pCCPJi",1,11,1,6,"e1.8_2017-09-17","Fluid",1,"4142196852_78419_01"
5,"CDitEj5Y",1,11,1,7,"e1.8_2017-09-17","Fluid",1,"4210176701_78419_01"
5,"dbeyNtbX",1,11,1,7,"e1.8_2017-09-17","Fluid",1,"087915_S02_02"
5,"E1MjVql9",1,11,0,8,"e1.8_2017-09-17","Fluid",1,"4210170720_78419_01"
5,"jLzegXH6",1,11,1,5,"e1.8_2017-09-17","Fluid",1,"4210178541_78419_01"
5,"Lr3wZh88",1,11,1,7,"e1.8_2017-09-17","Fluid",1,"061301_S02_02"
5,"OSo4hIty",1,11,1,4,"e1.8_2017-09-17","Fluid",1,"4206014237_78419_01"
5,"S2AgJ1pT",1,11,1,8,"e1.8_2017-09-17","Fluid",1,"143881_3992_01"
5,"tqPAyJE4",1,11,1,8,"e1.8_2017-09-17","Fluid",1,"4224780943_78419_01"
5,"w0pqJYEi",1,11,1,7,"e1.8_2017-09-17","Fluid",1,"4109809643_78419_01"
5,"wU4n9hI1",1,11,1,5,"e1.8_2017-09-17","Fluid",1,"4198699806_78419_01"
6,"b3pCCPJi",1,11,1,6,"e1.8_2017-09-17","Fluid",1,"4142196852_78419_01"
6,"CDitEj5Y",1,11,1,8,"e1.8_2017-09-17","Fluid",1,"4210176701_78419_01"
6,"dbeyNtbX",1,11,1,9,"e1.8_2017-09-17","Fluid",1,"087915_S02_02"
6,"E1MjVql9",1,11,1,10,"e1.8_2017-09-17","Fluid",1,"4210170720_78419_01"
6,"jLzegXH6",1,11,1,6,"e1.8_2017-09-17","Fluid",1,"4210178541_78419_01"
6,"Lr3wZh88",1,11,1,7,"e1.8_2017-09-17","Fluid",1,"061301_S02_02"
6,"OSo4hIty",1,11,1,6,"e1.8_2017-09-17","Fluid",1,"4206014237_78419_01"
6,"S2AgJ1pT",1,11,1,9,"e1.8_2017-09-17","Fluid",1,"143881_3992_01"
6,"tqPAyJE4",1,11,1,8,"e1.8_2017-09-17","Fluid",1,"4224780943_78419_01"
6,"w0pqJYEi",1,11,1,7,"e1.8_2017-09-17","Fluid",1,"4109809643_78419_01"
6,"wU4n9hI1",1,11,1,6,"e1.8_2017-09-17","Fluid",1,"4198699806_78419_01"
7,"b3pCCPJi",1,11,1,7,"e1.8_2017-09-17","Fluid",1,"4142196852_78419_01"
7,"CDitEj5Y",1,11,1,9,"e1.8_2017-09-17","Fluid",1,"4210176701_78419_01"
7,"dbeyNtbX",1,11,1,10,"e1.8_2017-09-17","Fluid",1,"087915_S02_02"
7,"E1MjVql9",1,11,1,10,"e1.8_2017-09-17","Fluid",1,"4210170720_78419_01"
7,"jLzegXH6",1,11,1,7,"e1.8_2017-09-17","Fluid",1,"4210178541_78419_01"
7,"Lr3wZh88",1,11,1,7,"e1.8_2017-09-17","Fluid",1,"061301_S02_02"
7,"OSo4hIty",1,11,1,6,"e1.8_2017-09-17","Fluid",1,"4206014237_78419_01"
7,"S2AgJ1pT",1,11,1,9,"e1.8_2017-09-17","Fluid",1,"143881_3992_01"
7,"tqPAyJE4",1,11,1,8,"e1.8_2017-09-17","Fluid",1,"4224780943_78419_01"
7,"w0pqJYEi",1,11,1,8,"e1.8_2017-09-17","Fluid",1,"4109809643_78419_01"
7,"wU4n9hI1",1,11,1,7,"e1.8_2017-09-17","Fluid",1,"4198699806_78419_01"
8,"b3pCCPJi",1,11,1,9,"e1.8_2017-09-17","Fluid",1,"4142196852_78419_01"
8,"CDitEj5Y",1,11,1,9,"e1.8_2017-09-17","Fluid",1,"4210176701_78419_01"
8,"dbeyNtbX",1,11,1,10,"e1.8_2017-09-17","Fluid",1,"087915_S02_02"
8,"E1MjVql9",1,11,1,10,"e1.8_2017-09-17","Fluid",1,"4210170720_78419_01"
8,"jLzegXH6",1,11,1,8,"e1.8_2017-09-17","Fluid",1,"4210178541_78419_01"
8,"Lr3wZh88",1,11,1,7,"e1.8_2017-09-17","Fluid",1,"061301_S02_02"
8,"OSo4hIty",1,11,1,8,"e1.8_2017-09-17","Fluid",1,"4206014237_78419_01"
8,"S2AgJ1pT",1,11,1,10,"e1.8_2017-09-17","Fluid",1,"143881_3992_01"
8,"tqPAyJE4",1,11,1,9,"e1.8_2017-09-17","Fluid",1,"4224780943_78419_01"
8,"w0pqJYEi",1,11,1,8,"e1.8_2017-09-17","Fluid",1,"4109809643_78419_01"
8,"wU4n9hI1",1,11,1,8,"e1.8_2017-09-17","Fluid",1,"4198699806_78419_01"
9,"b3pCCPJi",1,11,1,10,"e1.8_2017-09-17","Fluid",1,"4142196852_78419_01"
9,"CDitEj5Y",1,11,1,9,"e1.8_2017-09-17","Fluid",1,"4210176701_78419_01"
9,"dbeyNtbX",1,11,1,10,"e1.8_2017-09-17","Fluid",1,"087915_S02_02"
9,"E1MjVql9",1,11,1,10,"e1.8_2017-09-17","Fluid",1,"4210170720_78419_01"
9,"jLzegXH6",1,11,1,8,"e1.8_2017-09-17","Fluid",1,"4210178541_78419_01"
9,"Lr3wZh88",1,11,1,7,"e1.8_2017-09-17","Fluid",1,"061301_S02_02"
9,"OSo4hIty",1,11,1,8,"e1.8_2017-09-17","Fluid",1,"4206014237_78419_01"
9,"S2AgJ1pT",1,11,1,10,"e1.8_2017-09-17","Fluid",1,"143881_3992_01"
9,"tqPAyJE4",1,11,1,9,"e1.8_2017-09-17","Fluid",1,"4224780943_78419_01"
9,"w0pqJYEi",1,11,1,8,"e1.8_2017-09-17","Fluid",1,"4109809643_78419_01"
9,"wU4n9hI1",1,11,1,9,"e1.8_2017-09-17","Fluid",1,"4198699806_78419_01"
10,"b3pCCPJi",1,11,1,10,"e1.8_2017-09-17","Fluid",1,"4142196852_78419_01"
10,"CDitEj5Y",1,11,1,9,"e1.8_2017-09-17","Fluid",1,"4210176701_78419_01"
10,"dbeyNtbX",1,11,1,10,"e1.8_2017-09-17","Fluid",1,"087915_S02_02"
10,"E1MjVql9",0,11,1,10,"e1.8_2017-09-17","Fluid",1,"4210170720_78419_01"
10,"jLzegXH6",1,11,1,8,"e1.8_2017-09-17","Fluid",1,"4210178541_78419_01"
10,"Lr3wZh88",1,11,1,8,"e1.8_2017-09-17","Fluid",1,"061301_S02_02"
10,"OSo4hIty",1,11,1,9,"e1.8_2017-09-17","Fluid",1,"4206014237_78419_01"
10,"S2AgJ1pT",1,11,1,10,"e1.8_2017-09-17","Fluid",1,"143881_3992_01"
10,"tqPAyJE4",1,11,1,9,"e1.8_2017-09-17","Fluid",1,"4224780943_78419_01"
10,"w0pqJYEi",1,11,1,8,"e1.8_2017-09-17","Fluid",1,"4109809643_78419_01"
10,"wU4n9hI1",1,11,1,9,"e1.8_2017-09-17","Fluid",1,"4198699806_78419_01"
11,"b3pCCPJi",1,11,1,10,"e1.8_2017-09-17","Fluid",1,"4142196852_78419_01"
11,"CDitEj5Y",1,11,1,10,"e1.8_2017-09-17","Fluid",1,"4210176701_78419_01"
11,"dbeyNtbX",1,11,1,10,"e1.8_2017-09-17","Fluid",1,"087915_S02_02"
11,"E1MjVql9",1,11,0,9,"e1.8_2017-09-17","Fluid",1,"4210170720_78419_01"
11,"jLzegXH6",1,11,1,8,"e1.8_2017-09-17","Fluid",1,"4210178541_78419_01"
11,"Lr3wZh88",1,11,1,8,"e1.8_2017-09-17","Fluid",1,"061301_S02_02"
11,"OSo4hIty",1,11,1,10,"e1.8_2017-09-17","Fluid",1,"4206014237_78419_01"
11,"S2AgJ1pT",1,11,1,10,"e1.8_2017-09-17","Fluid",1,"143881_3992_01"
11,"tqPAyJE4",1,11,1,10,"e1.8_2017-09-17","Fluid",1,"4224780943_78419_01"
11,"w0pqJYEi",1,11,1,8,"e1.8_2017-09-17","Fluid",1,"4109809643_78419_01"
11,"wU4n9hI1",1,11,1,9,"e1.8_2017-09-17","Fluid",1,"4198699806_78419_01"
1,"3OrzlVz6",1,23,,6,"experiment-1.1-fluid-01_41.csv","Fluid",1,"4128102259_78419_01"
1,"77ZxWPnT",1,23,,2,"experiment-1.1-fluid-01_41.csv","Fluid",1,"1740626002_78419_01"
1,"9zzCwzgh",1,23,,4,"experiment-1.1-fluid-01_41.csv","Fluid",1,"4183001962_78419_01"
1,"B7EELhMS",1,23,,3,"experiment-1.1-fluid-01_41.csv","Fluid",1,"4206003429_78419_01"
1,"eK8nxK8h",0,23,,6,"experiment-1.1-fluid-01_41.csv","Fluid",1,"4193034320_78419_01"
1,"fgcHkh83",1,23,,4,"experiment-1.1-fluid-01_41.csv","Fluid",1,"1869095040_78419_01"
1,"FlwTRkr7",1,23,,3,"experiment-1.1-fluid-01_41.csv","Fluid",1,"077404_S02_01"
1,"gqkTSJ1Q",1,23,,8,"experiment-1.1-fluid-01_41.csv","Fluid",1,"4141881257_78419_01"
1,"iB4UpCoH",1,23,,4,"experiment-1.1-fluid-01_41.csv","Fluid",1,"84099320_23694_01"
1,"IEEr3afx",1,23,,1,"experiment-1.1-fluid-01_41.csv","Fluid",1,"4224790013_78419_01"
1,"iutftQuX",1,23,,3,"experiment-1.1-fluid-01_41.csv","Fluid",1,"4209515398_78419_01"
1,"ju7eWJ5D",1,23,,4,"experiment-1.1-fluid-01_41.csv","Fluid",1,"4198696732_78419_01"
1,"jXMcJe7k",1,23,,1,"experiment-1.1-fluid-01_41.csv","Fluid",1,"4198735100_78419_01"
1,"NxR25KvE",1,23,,3,"experiment-1.1-fluid-01_41.csv","Fluid",1,"4210171130_78419_01"
1,"OccYhLaw",1,23,,3,"experiment-1.1-fluid-01_41.csv","Fluid",1,"4209524779_78419_01"
1,"OReMOWzo",0,23,,6,"experiment-1.1-fluid-01_41.csv","Fluid",1,"4142224906_78419_01"
1,"Q9i4RgWN",1,23,,2,"experiment-1.1-fluid-01_41.csv","Fluid",1,"4014781643_78914_01"
1,"QDp3ovL3",1,23,,5,"experiment-1.1-fluid-01_41.csv","Fluid",1,"4182979840_78419_01"
1,"rCehqC4Z",0,23,,3,"experiment-1.1-fluid-01_41.csv","Fluid",1,"4222261761_78419_01"
1,"tsXNkqxj",1,23,,5,"experiment-1.1-fluid-01_41.csv","Fluid",1,"4083281328_78914_01"
1,"v3VOYiPV",1,23,,6,"experiment-1.1-fluid-01_41.csv","Fluid",1,"1855226703_78419_01"
1,"WYtjZQsH",1,23,,3,"experiment-1.1-fluid-01_41.csv","Fluid",1,"93110829_23694_01"
1,"YU0ujkMc",1,23,,5,"experiment-1.1-fluid-01_41.csv","Fluid",1,"4141903968_78419_01"
2,"3OrzlVz6",1,20,1,9,"experiment-1.1-fluid-01_41.csv","Fluid",1,"4128102259_78419_01"
2,"77ZxWPnT",1,20,1,8,"experiment-1.1-fluid-01_41.csv","Fluid",1,"1740626002_78419_01"
2,"9zzCwzgh",1,20,1,10,"experiment-1.1-fluid-01_41.csv","Fluid",1,"4183001962_78419_01"
2,"eK8nxK8h",0,20,0,5,"experiment-1.1-fluid-01_41.csv","Fluid",1,"4193034320_78419_01"
2,"fgcHkh83",1,20,1,7,"experiment-1.1-fluid-01_41.csv","Fluid",1,"1869095040_78419_01"
2,"FlwTRkr7",1,20,1,6,"experiment-1.1-fluid-01_41.csv","Fluid",1,"077404_S02_01"
2,"gqkTSJ1Q",1,20,1,10,"experiment-1.1-fluid-01_41.csv","Fluid",1,"4141881257_78419_01"
2,"iB4UpCoH",1,20,1,6,"experiment-1.1-fluid-01_41.csv","Fluid",1,"84099320_23694_01"
2,"iutftQuX",1,20,1,9,"experiment-1.1-fluid-01_41.csv","Fluid",1,"4209515398_78419_01"
2,"ju7eWJ5D",1,20,1,8,"experiment-1.1-fluid-01_41.csv","Fluid",1,"4198696732_78419_01"
2,"jXMcJe7k",1,20,1,5,"experiment-1.1-fluid-01_41.csv","Fluid",1,"4198735100_78419_01"
2,"NxR25KvE",1,20,1,11,"experiment-1.1-fluid-01_41.csv","Fluid",1,"4210171130_78419_01"
2,"OccYhLaw",1,20,1,5,"experiment-1.1-fluid-01_41.csv","Fluid",1,"4209524779_78419_01"
2,"OReMOWzo",1,20,0,5,"experiment-1.1-fluid-01_41.csv","Fluid",1,"4142224906_78419_01"
2,"Q9i4RgWN",1,20,1,5,"experiment-1.1-fluid-01_41.csv","Fluid",1,"4014781643_78914_01"
2,"QDp3ovL3",1,20,1,7,"experiment-1.1-fluid-01_41.csv","Fluid",1,"4182979840_78419_01"
2,"rCehqC4Z",1,20,0,4,"experiment-1.1-fluid-01_41.csv","Fluid",1,"4222261761_78419_01"
2,"tsXNkqxj",1,20,1,9,"experiment-1.1-fluid-01_41.csv","Fluid",1,"4083281328_78914_01"
2,"WYtjZQsH",1,20,1,5,"experiment-1.1-fluid-01_41.csv","Fluid",1,"93110829_23694_01"
2,"YU0ujkMc",0,20,1,9,"experiment-1.1-fluid-01_41.csv","Fluid",1,"4141903968_78419_01"
1,"5mUXA5bH",0,12,,1,"experiment-1.1-fluid-03_43.csv","Fluid",1,"059621_S02_02"
1,"A9JZ1kn5",1,12,,1,"experiment-1.1-fluid-03_43.csv","Fluid",1,"4142230299_78419_01"
1,"d7wEKgsC",1,12,,2,"experiment-1.1-fluid-03_43.csv","Fluid",1,"157472_3992_01"
1,"FXGFOau2",1,12,,1,"experiment-1.1-fluid-03_43.csv","Fluid",1,"4210181487_78419_01"
1,"iaZLjw7S",1,12,,1,"experiment-1.1-fluid-03_43.csv","Fluid",1,"4224782098_78419_01"
1,"JYqrE2i9",1,12,,2,"experiment-1.1-fluid-03_43.csv","Fluid",1,"144365_3992_01"
1,"nQqxye9N",1,12,,1,"experiment-1.1-fluid-03_43.csv","Fluid",1,"4206005428_78419_01"
1,"QShMToNs",1,12,,1,"experiment-1.1-fluid-03_43.csv","Fluid",1,"4141908830_78419_01"
1,"sfkkLKmq",1,12,,1,"experiment-1.1-fluid-03_43.csv","Fluid",1,"4198729760_78419_01"
1,"X3gfJuyR",1,12,,3,"experiment-1.1-fluid-03_43.csv","Fluid",1,"4128113320_78419_01"
1,"XyjZvgn5",1,12,,4,"experiment-1.1-fluid-03_43.csv","Fluid",1,"4210175416_78419_01"
1,"YTijWWIK",1,12,,2,"experiment-1.1-fluid-03_43.csv","Fluid",1,"142236_3992_02"
2,"5mUXA5bH",1,11,0,2,"experiment-1.1-fluid-03_43.csv","Fluid",1,"059621_S02_02"
2,"A9JZ1kn5",1,11,1,2,"experiment-1.1-fluid-03_43.csv","Fluid",1,"4142230299_78419_01"
2,"d7wEKgsC",1,11,1,4,"experiment-1.1-fluid-03_43.csv","Fluid",1,"157472_3992_01"
2,"FXGFOau2",1,11,1,3,"experiment-1.1-fluid-03_43.csv","Fluid",1,"4210181487_78419_01"
2,"JYqrE2i9",1,11,1,6,"experiment-1.1-fluid-03_43.csv","Fluid",1,"144365_3992_01"
2,"nQqxye9N",0,11,1,5,"experiment-1.1-fluid-03_43.csv","Fluid",1,"4206005428_78419_01"
2,"QShMToNs",1,11,1,3,"experiment-1.1-fluid-03_43.csv","Fluid",1,"4141908830_78419_01"
2,"sfkkLKmq",1,11,1,3,"experiment-1.1-fluid-03_43.csv","Fluid",1,"4198729760_78419_01"
2,"X3gfJuyR",1,11,1,3,"experiment-1.1-fluid-03_43.csv","Fluid",1,"4128113320_78419_01"
2,"XyjZvgn5",1,11,1,4,"experiment-1.1-fluid-03_43.csv","Fluid",1,"4210175416_78419_01"
2,"YTijWWIK",1,11,1,4,"experiment-1.1-fluid-03_43.csv","Fluid",1,"142236_3992_02"
1,"1dSNXUdN",1,12,,4,"experiment-1.3-static-01_2.csv","Static",0,"4173097852_78419_01"
1,"2UIMidzg",1,12,,4,"experiment-1.3-static-01_2.csv","Static",0,"4198750331_78419_01"
1,"d6mMbARn",0,12,,4,"experiment-1.3-static-01_2.csv","Static",0,"1869053023_78419_01"
1,"enu3R1Li",1,12,,3,"experiment-1.3-static-01_2.csv","Static",0,"4224808333_78419_01"
1,"f4cZrBhB",1,12,,5,"experiment-1.3-static-01_2.csv","Static",0,"1599857750_78419_01"
1,"IjV6gF7P",1,12,,3,"experiment-1.3-static-01_2.csv","Static",0,"4222258798_78419_01"
1,"m0nnYchF",1,12,,3,"experiment-1.3-static-01_2.csv","Static",0,"018297_S01_HH"
1,"OTER4w1T",1,12,,2,"experiment-1.3-static-01_2.csv","Static",0,"1743838971_78419_01"
1,"tYZNQzXp",1,12,,1,"experiment-1.3-static-01_2.csv","Static",0,"4224790003_78419_01"
1,"wMXjBOKU",1,12,,2,"experiment-1.3-static-01_2.csv","Static",0,"4222254749_78419_01"
1,"y7SXKZDi",1,12,,2,"experiment-1.3-static-01_2.csv","Static",0,"81614155_23694_01"
1,"YJLgFM05",1,12,,1,"experiment-1.3-static-01_2.csv","Static",0,"4098578922_78419_01"
2,"1dSNXUdN",1,12,1,4,"experiment-1.3-static-01_2.csv","Static",0,"4173097852_78419_01"
2,"2UIMidzg",1,12,1,4,"experiment-1.3-static-01_2.csv","Static",0,"4198750331_78419_01"
2,"d6mMbARn",1,12,0,4,"experiment-1.3-static-01_2.csv","Static",0,"1869053023_78419_01"
2,"enu3R1Li",1,12,1,3,"experiment-1.3-static-01_2.csv","Static",0,"4224808333_78419_01"
2,"f4cZrBhB",1,12,1,5,"experiment-1.3-static-01_2.csv","Static",0,"1599857750_78419_01"
2,"IjV6gF7P",1,12,1,3,"experiment-1.3-static-01_2.csv","Static",0,"4222258798_78419_01"
2,"m0nnYchF",1,12,1,3,"experiment-1.3-static-01_2.csv","Static",0,"018297_S01_HH"
2,"OTER4w1T",1,12,1,2,"experiment-1.3-static-01_2.csv","Static",0,"1743838971_78419_01"
2,"tYZNQzXp",1,12,1,1,"experiment-1.3-static-01_2.csv","Static",0,"4224790003_78419_01"
2,"wMXjBOKU",1,12,1,2,"experiment-1.3-static-01_2.csv","Static",0,"4222254749_78419_01"
2,"y7SXKZDi",1,12,1,2,"experiment-1.3-static-01_2.csv","Static",0,"81614155_23694_01"
2,"YJLgFM05",1,12,1,1,"experiment-1.3-static-01_2.csv","Static",0,"4098578922_78419_01"
1,"2CR6vFVs",1,19,,4,"experiment-1.3-static-03_4.csv","Static",0,"4210186321_78419_01"
1,"2JixZhMG",1,19,,4,"experiment-1.3-static-03_4.csv","Static",0,"4198738346_78419_01"
1,"8eRU2GyA",0,19,,4,"experiment-1.3-static-03_4.csv","Static",0,"4176618033_78419_01"
1,"8ldduzGS",1,19,,4,"experiment-1.3-static-03_4.csv","Static",0,"4098584343_78419_01"
1,"cfHDQFaB",1,19,,5,"experiment-1.3-static-03_4.csv","Static",0,"4209514620_78419_01"
1,"esAg4DYS",0,19,,3,"experiment-1.3-static-03_4.csv","Static",0,"4182948929_78419_01"
1,"fIbIygzK",1,19,,9,"experiment-1.3-static-03_4.csv","Static",0,"4141912491_78419_01"
1,"INi7HrNd",1,19,,2,"experiment-1.3-static-03_4.csv","Static",0,"4182941057_78419_01"
1,"NXZbh3Db",1,19,,3,"experiment-1.3-static-03_4.csv","Static",0,"069622_S02_02"
1,"oNlAMbPd",1,19,,7,"experiment-1.3-static-03_4.csv","Static",0,"4142208842_78419_01"
1,"rynjdCnu",1,19,,3,"experiment-1.3-static-03_4.csv","Static",0,"4174335020_78419_01"
1,"VCRrmEkp",0,19,,5,"experiment-1.3-static-03_4.csv","Static",0,"046819_S02_02"
1,"w8xhRZT0",1,19,,4,"experiment-1.3-static-03_4.csv","Static",0,"4224772520_78419_01"
1,"x7QzBBkz",1,19,,4,"experiment-1.3-static-03_4.csv","Static",0,"4009917197_78914_01"
1,"XbHbP8Zo",1,19,,3,"experiment-1.3-static-03_4.csv","Static",0,"4098583319_78419_01"
1,"xfxbvdKr",1,19,,5,"experiment-1.3-static-03_4.csv","Static",0,"4083282359_5107_01"
1,"xLVYhdKY",0,19,,7,"experiment-1.3-static-03_4.csv","Static",0,"4205986177_78419_01"
1,"XUr96Ljm",0,19,,6,"experiment-1.3-static-03_4.csv","Static",0,"750812_S02_01"
1,"XzHeyDPf",1,19,,4,"experiment-1.3-static-03_4.csv","Static",0,"1741182395_78419_01"
2,"2CR6vFVs",1,19,1,4,"experiment-1.3-static-03_4.csv","Static",0,"4210186321_78419_01"
2,"2JixZhMG",1,19,1,4,"experiment-1.3-static-03_4.csv","Static",0,"4198738346_78419_01"
2,"8eRU2GyA",0,19,0,4,"experiment-1.3-static-03_4.csv","Static",0,"4176618033_78419_01"
2,"8ldduzGS",1,19,1,4,"experiment-1.3-static-03_4.csv","Static",0,"4098584343_78419_01"
2,"cfHDQFaB",1,19,1,5,"experiment-1.3-static-03_4.csv","Static",0,"4209514620_78419_01"
2,"esAg4DYS",1,19,0,3,"experiment-1.3-static-03_4.csv","Static",0,"4182948929_78419_01"
2,"fIbIygzK",1,19,1,9,"experiment-1.3-static-03_4.csv","Static",0,"4141912491_78419_01"
2,"INi7HrNd",1,19,1,2,"experiment-1.3-static-03_4.csv","Static",0,"4182941057_78419_01"
2,"NXZbh3Db",1,19,1,3,"experiment-1.3-static-03_4.csv","Static",0,"069622_S02_02"
2,"oNlAMbPd",0,19,1,7,"experiment-1.3-static-03_4.csv","Static",0,"4142208842_78419_01"
2,"rynjdCnu",1,19,1,3,"experiment-1.3-static-03_4.csv","Static",0,"4174335020_78419_01"
2,"VCRrmEkp",1,19,0,5,"experiment-1.3-static-03_4.csv","Static",0,"046819_S02_02"
2,"w8xhRZT0",1,19,1,4,"experiment-1.3-static-03_4.csv","Static",0,"4224772520_78419_01"
2,"x7QzBBkz",1,19,1,4,"experiment-1.3-static-03_4.csv","Static",0,"4009917197_78914_01"
2,"XbHbP8Zo",1,19,1,3,"experiment-1.3-static-03_4.csv","Static",0,"4098583319_78419_01"
2,"xfxbvdKr",1,19,1,5,"experiment-1.3-static-03_4.csv","Static",0,"4083282359_5107_01"
2,"xLVYhdKY",0,19,0,7,"experiment-1.3-static-03_4.csv","Static",0,"4205986177_78419_01"
2,"XUr96Ljm",0,19,0,6,"experiment-1.3-static-03_4.csv","Static",0,"750812_S02_01"
2,"XzHeyDPf",1,19,1,4,"experiment-1.3-static-03_4.csv","Static",0,"1741182395_78419_01"
3,"2CR6vFVs",1,19,1,4,"experiment-1.3-static-03_4.csv","Static",0,"4210186321_78419_01"
3,"2JixZhMG",1,19,1,4,"experiment-1.3-static-03_4.csv","Static",0,"4198738346_78419_01"
3,"8eRU2GyA",0,19,0,4,"experiment-1.3-static-03_4.csv","Static",0,"4176618033_78419_01"
3,"8ldduzGS",1,19,1,4,"experiment-1.3-static-03_4.csv","Static",0,"4098584343_78419_01"
3,"cfHDQFaB",1,19,1,5,"experiment-1.3-static-03_4.csv","Static",0,"4209514620_78419_01"
3,"esAg4DYS",0,19,1,3,"experiment-1.3-static-03_4.csv","Static",0,"4182948929_78419_01"
3,"fIbIygzK",1,19,1,9,"experiment-1.3-static-03_4.csv","Static",0,"4141912491_78419_01"
3,"INi7HrNd",1,19,1,2,"experiment-1.3-static-03_4.csv","Static",0,"4182941057_78419_01"
3,"NXZbh3Db",1,19,1,3,"experiment-1.3-static-03_4.csv","Static",0,"069622_S02_02"
3,"oNlAMbPd",0,19,0,7,"experiment-1.3-static-03_4.csv","Static",0,"4142208842_78419_01"
3,"rynjdCnu",1,19,1,3,"experiment-1.3-static-03_4.csv","Static",0,"4174335020_78419_01"
3,"VCRrmEkp",0,19,1,5,"experiment-1.3-static-03_4.csv","Static",0,"046819_S02_02"
3,"w8xhRZT0",1,19,1,4,"experiment-1.3-static-03_4.csv","Static",0,"4224772520_78419_01"
3,"x7QzBBkz",1,19,1,4,"experiment-1.3-static-03_4.csv","Static",0,"4009917197_78914_01"
3,"XbHbP8Zo",1,19,1,3,"experiment-1.3-static-03_4.csv","Static",0,"4098583319_78419_01"
3,"xfxbvdKr",1,19,1,5,"experiment-1.3-static-03_4.csv","Static",0,"4083282359_5107_01"
3,"xLVYhdKY",0,19,0,7,"experiment-1.3-static-03_4.csv","Static",0,"4205986177_78419_01"
3,"XUr96Ljm",0,19,0,6,"experiment-1.3-static-03_4.csv","Static",0,"750812_S02_01"
3,"XzHeyDPf",1,19,1,4,"experiment-1.3-static-03_4.csv","Static",0,"1741182395_78419_01"
4,"2CR6vFVs",1,19,1,4,"experiment-1.3-static-03_4.csv","Static",0,"4210186321_78419_01"
4,"2JixZhMG",1,19,1,4,"experiment-1.3-static-03_4.csv","Static",0,"4198738346_78419_01"
4,"8eRU2GyA",0,19,0,4,"experiment-1.3-static-03_4.csv","Static",0,"4176618033_78419_01"
4,"8ldduzGS",1,19,1,4,"experiment-1.3-static-03_4.csv","Static",0,"4098584343_78419_01"
4,"cfHDQFaB",1,19,1,5,"experiment-1.3-static-03_4.csv","Static",0,"4209514620_78419_01"
4,"esAg4DYS",1,19,0,3,"experiment-1.3-static-03_4.csv","Static",0,"4182948929_78419_01"
4,"fIbIygzK",1,19,1,9,"experiment-1.3-static-03_4.csv","Static",0,"4141912491_78419_01"
4,"INi7HrNd",1,19,1,2,"experiment-1.3-static-03_4.csv","Static",0,"4182941057_78419_01"
4,"NXZbh3Db",1,19,1,3,"experiment-1.3-static-03_4.csv","Static",0,"069622_S02_02"
4,"oNlAMbPd",1,19,0,7,"experiment-1.3-static-03_4.csv","Static",0,"4142208842_78419_01"
4,"rynjdCnu",1,19,1,3,"experiment-1.3-static-03_4.csv","Static",0,"4174335020_78419_01"
4,"VCRrmEkp",1,19,0,5,"experiment-1.3-static-03_4.csv","Static",0,"046819_S02_02"
4,"w8xhRZT0",1,19,1,4,"experiment-1.3-static-03_4.csv","Static",0,"4224772520_78419_01"
4,"x7QzBBkz",1,19,1,4,"experiment-1.3-static-03_4.csv","Static",0,"4009917197_78914_01"
4,"XbHbP8Zo",1,19,1,3,"experiment-1.3-static-03_4.csv","Static",0,"4098583319_78419_01"
4,"xfxbvdKr",1,19,1,5,"experiment-1.3-static-03_4.csv","Static",0,"4083282359_5107_01"
4,"xLVYhdKY",0,19,0,7,"experiment-1.3-static-03_4.csv","Static",0,"4205986177_78419_01"
4,"XUr96Ljm",0,19,0,6,"experiment-1.3-static-03_4.csv","Static",0,"750812_S02_01"
4,"XzHeyDPf",1,19,1,4,"experiment-1.3-static-03_4.csv","Static",0,"1741182395_78419_01"
5,"2CR6vFVs",1,19,1,4,"experiment-1.3-static-03_4.csv","Static",0,"4210186321_78419_01"
5,"2JixZhMG",0,19,1,4,"experiment-1.3-static-03_4.csv","Static",0,"4198738346_78419_01"
5,"8eRU2GyA",0,19,0,4,"experiment-1.3-static-03_4.csv","Static",0,"4176618033_78419_01"
5,"8ldduzGS",1,19,1,4,"experiment-1.3-static-03_4.csv","Static",0,"4098584343_78419_01"
5,"cfHDQFaB",1,19,1,5,"experiment-1.3-static-03_4.csv","Static",0,"4209514620_78419_01"
5,"esAg4DYS",1,19,1,3,"experiment-1.3-static-03_4.csv","Static",0,"4182948929_78419_01"
5,"fIbIygzK",1,19,1,9,"experiment-1.3-static-03_4.csv","Static",0,"4141912491_78419_01"
5,"INi7HrNd",1,19,1,2,"experiment-1.3-static-03_4.csv","Static",0,"4182941057_78419_01"
5,"NXZbh3Db",1,19,1,3,"experiment-1.3-static-03_4.csv","Static",0,"069622_S02_02"
5,"oNlAMbPd",0,19,1,7,"experiment-1.3-static-03_4.csv","Static",0,"4142208842_78419_01"
5,"rynjdCnu",1,19,1,3,"experiment-1.3-static-03_4.csv","Static",0,"4174335020_78419_01"
5,"VCRrmEkp",1,19,1,5,"experiment-1.3-static-03_4.csv","Static",0,"046819_S02_02"
5,"w8xhRZT0",1,19,1,4,"experiment-1.3-static-03_4.csv","Static",0,"4224772520_78419_01"
5,"x7QzBBkz",1,19,1,4,"experiment-1.3-static-03_4.csv","Static",0,"4009917197_78914_01"
5,"XbHbP8Zo",0,19,1,3,"experiment-1.3-static-03_4.csv","Static",0,"4098583319_78419_01"
5,"xfxbvdKr",1,19,1,5,"experiment-1.3-static-03_4.csv","Static",0,"4083282359_5107_01"
5,"xLVYhdKY",0,19,0,7,"experiment-1.3-static-03_4.csv","Static",0,"4205986177_78419_01"
5,"XUr96Ljm",0,19,0,6,"experiment-1.3-static-03_4.csv","Static",0,"750812_S02_01"
5,"XzHeyDPf",1,19,1,4,"experiment-1.3-static-03_4.csv","Static",0,"1741182395_78419_01"
6,"2CR6vFVs",1,19,1,4,"experiment-1.3-static-03_4.csv","Static",0,"4210186321_78419_01"
6,"2JixZhMG",1,19,0,4,"experiment-1.3-static-03_4.csv","Static",0,"4198738346_78419_01"
6,"8eRU2GyA",0,19,0,4,"experiment-1.3-static-03_4.csv","Static",0,"4176618033_78419_01"
6,"8ldduzGS",1,19,1,4,"experiment-1.3-static-03_4.csv","Static",0,"4098584343_78419_01"
6,"cfHDQFaB",1,19,1,5,"experiment-1.3-static-03_4.csv","Static",0,"4209514620_78419_01"
6,"esAg4DYS",0,19,1,3,"experiment-1.3-static-03_4.csv","Static",0,"4182948929_78419_01"
6,"fIbIygzK",1,19,1,9,"experiment-1.3-static-03_4.csv","Static",0,"4141912491_78419_01"
6,"INi7HrNd",1,19,1,2,"experiment-1.3-static-03_4.csv","Static",0,"4182941057_78419_01"
6,"NXZbh3Db",1,19,1,3,"experiment-1.3-static-03_4.csv","Static",0,"069622_S02_02"
6,"oNlAMbPd",1,19,0,7,"experiment-1.3-static-03_4.csv","Static",0,"4142208842_78419_01"
6,"rynjdCnu",1,19,1,3,"experiment-1.3-static-03_4.csv","Static",0,"4174335020_78419_01"
6,"VCRrmEkp",0,19,1,5,"experiment-1.3-static-03_4.csv","Static",0,"046819_S02_02"
6,"w8xhRZT0",1,19,1,4,"experiment-1.3-static-03_4.csv","Static",0,"4224772520_78419_01"
6,"x7QzBBkz",1,19,1,4,"experiment-1.3-static-03_4.csv","Static",0,"4009917197_78914_01"
6,"XbHbP8Zo",1,19,0,3,"experiment-1.3-static-03_4.csv","Static",0,"4098583319_78419_01"
6,"xfxbvdKr",1,19,1,5,"experiment-1.3-static-03_4.csv","Static",0,"4083282359_5107_01"
6,"xLVYhdKY",0,19,0,7,"experiment-1.3-static-03_4.csv","Static",0,"4205986177_78419_01"
6,"XUr96Ljm",0,19,0,6,"experiment-1.3-static-03_4.csv","Static",0,"750812_S02_01"
6,"XzHeyDPf",1,19,1,4,"experiment-1.3-static-03_4.csv","Static",0,"1741182395_78419_01"
1,"ACUWdU3B",1,14,,1,"experiment-1.3-static-04_5.csv","Static",0,"81544891_23694_01"
1,"CMkZT74c",1,14,,2,"experiment-1.3-static-04_5.csv","Static",0,"4182968972_78419_01"
1,"Di14AqqS",1,14,,3,"experiment-1.3-static-04_5.csv","Static",0,"79145798_EXP_01"
1,"h5yhEjIi",1,14,,2,"experiment-1.3-static-04_5.csv","Static",0,"038138_S01_01"
1,"HjzenM9h",1,14,,2,"experiment-1.3-static-04_5.csv","Static",0,"4191229405_5107_01"
1,"HZj2bcJa",1,14,,5,"experiment-1.3-static-04_5.csv","Static",0,"1857280796_78419_01"
1,"iUnqxniy",1,14,,3,"experiment-1.3-static-04_5.csv","Static",0,"056965_S02_02"
1,"LKii9aEK",1,14,,1,"experiment-1.3-static-04_5.csv","Static",0,"4182918354_78419_01"
1,"mHGYVKTB",1,14,,1,"experiment-1.3-static-04_5.csv","Static",0,"4000194484_78914_01"
1,"nAG0uwdt",1,14,,4,"experiment-1.3-static-04_5.csv","Static",0,"4141905748_78419_01"
1,"RaFBze1f",1,14,,4,"experiment-1.3-static-04_5.csv","Static",0,"137234_3992_02"
1,"UPZNWdHw",1,14,,1,"experiment-1.3-static-04_5.csv","Static",0,"098602_3992_02"
1,"whahIH1R",1,14,,1,"experiment-1.3-static-04_5.csv","Static",0,"4210181303_78419_01"
1,"X2Etb0NR",1,14,,2,"experiment-1.3-static-04_5.csv","Static",0,"4029732978_78914_01"
2,"ACUWdU3B",1,14,1,1,"experiment-1.3-static-04_5.csv","Static",0,"81544891_23694_01"
2,"CMkZT74c",1,14,1,2,"experiment-1.3-static-04_5.csv","Static",0,"4182968972_78419_01"
2,"Di14AqqS",1,14,1,3,"experiment-1.3-static-04_5.csv","Static",0,"79145798_EXP_01"
2,"h5yhEjIi",1,14,1,2,"experiment-1.3-static-04_5.csv","Static",0,"038138_S01_01"
2,"HjzenM9h",1,14,1,2,"experiment-1.3-static-04_5.csv","Static",0,"4191229405_5107_01"
2,"HZj2bcJa",1,14,1,5,"experiment-1.3-static-04_5.csv","Static",0,"1857280796_78419_01"
2,"iUnqxniy",1,14,1,3,"experiment-1.3-static-04_5.csv","Static",0,"056965_S02_02"
2,"LKii9aEK",1,14,1,1,"experiment-1.3-static-04_5.csv","Static",0,"4182918354_78419_01"
2,"mHGYVKTB",1,14,1,1,"experiment-1.3-static-04_5.csv","Static",0,"4000194484_78914_01"
2,"nAG0uwdt",1,14,1,4,"experiment-1.3-static-04_5.csv","Static",0,"4141905748_78419_01"
2,"RaFBze1f",1,14,1,4,"experiment-1.3-static-04_5.csv","Static",0,"137234_3992_02"
2,"UPZNWdHw",1,14,1,1,"experiment-1.3-static-04_5.csv","Static",0,"098602_3992_02"
2,"whahIH1R",1,14,1,1,"experiment-1.3-static-04_5.csv","Static",0,"4210181303_78419_01"
2,"X2Etb0NR",1,14,1,2,"experiment-1.3-static-04_5.csv","Static",0,"4029732978_78914_01"
3,"ACUWdU3B",1,14,1,1,"experiment-1.3-static-04_5.csv","Static",0,"81544891_23694_01"
3,"CMkZT74c",1,14,1,2,"experiment-1.3-static-04_5.csv","Static",0,"4182968972_78419_01"
3,"Di14AqqS",1,14,1,3,"experiment-1.3-static-04_5.csv","Static",0,"79145798_EXP_01"
3,"h5yhEjIi",1,14,1,2,"experiment-1.3-static-04_5.csv","Static",0,"038138_S01_01"
3,"HjzenM9h",1,14,1,2,"experiment-1.3-static-04_5.csv","Static",0,"4191229405_5107_01"
3,"HZj2bcJa",1,14,1,5,"experiment-1.3-static-04_5.csv","Static",0,"1857280796_78419_01"
3,"iUnqxniy",0,14,1,3,"experiment-1.3-static-04_5.csv","Static",0,"056965_S02_02"
3,"LKii9aEK",1,14,1,1,"experiment-1.3-static-04_5.csv","Static",0,"4182918354_78419_01"
3,"mHGYVKTB",1,14,1,1,"experiment-1.3-static-04_5.csv","Static",0,"4000194484_78914_01"
3,"nAG0uwdt",1,14,1,4,"experiment-1.3-static-04_5.csv","Static",0,"4141905748_78419_01"
3,"RaFBze1f",1,14,1,4,"experiment-1.3-static-04_5.csv","Static",0,"137234_3992_02"
3,"UPZNWdHw",1,14,1,1,"experiment-1.3-static-04_5.csv","Static",0,"098602_3992_02"
3,"whahIH1R",1,14,1,1,"experiment-1.3-static-04_5.csv","Static",0,"4210181303_78419_01"
3,"X2Etb0NR",1,14,1,2,"experiment-1.3-static-04_5.csv","Static",0,"4029732978_78914_01"
1,"3ClMwfdr",1,12,,4,"experiment-1.3-static-05_6.csv","Static",0,"036403_S01_01"
1,"bCC27WPL",1,12,,3,"experiment-1.3-static-05_6.csv","Static",0,"4224828351_78419_01"
1,"CY6DEsRy",1,12,,3,"experiment-1.3-static-05_6.csv","Static",0,"157970_3992_01"
1,"dKSCJBQ8",1,12,,2,"experiment-1.3-static-05_6.csv","Static",0,"4141908521_78419_01"
1,"k9MxXRh5",1,12,,3,"experiment-1.3-static-05_6.csv","Static",0,"4224830328_78419_01"
1,"n7jGHdyD",1,12,,2,"experiment-1.3-static-05_6.csv","Static",0,"006536_S01_01"
1,"nnu3VjM2",1,12,,2,"experiment-1.3-static-05_6.csv","Static",0,"029839_S01_01"
1,"QjQdnO40",1,12,,3,"experiment-1.3-static-05_6.csv","Static",0,"4083328852_78914_01"
1,"rCOFf22U",0,12,,1,"experiment-1.3-static-05_6.csv","Static",0,"4174330538_78419_01"
1,"T7pMGS19",0,12,,2,"experiment-1.3-static-05_6.csv","Static",0,"4098577737_78419_01"
1,"ZGeHPGql",1,12,,1,"experiment-1.3-static-05_6.csv","Static",0,"4098579819_78419_01"
1,"zKCPrGsz",1,12,,4,"experiment-1.3-static-05_6.csv","Static",0,"1104980588_23694_01"
2,"3ClMwfdr",1,12,1,4,"experiment-1.3-static-05_6.csv","Static",0,"036403_S01_01"
2,"bCC27WPL",1,12,1,3,"experiment-1.3-static-05_6.csv","Static",0,"4224828351_78419_01"
2,"CY6DEsRy",1,12,1,3,"experiment-1.3-static-05_6.csv","Static",0,"157970_3992_01"
2,"dKSCJBQ8",1,12,1,2,"experiment-1.3-static-05_6.csv","Static",0,"4141908521_78419_01"
2,"k9MxXRh5",1,12,1,3,"experiment-1.3-static-05_6.csv","Static",0,"4224830328_78419_01"
2,"n7jGHdyD",1,12,1,2,"experiment-1.3-static-05_6.csv","Static",0,"006536_S01_01"
2,"nnu3VjM2",1,12,1,2,"experiment-1.3-static-05_6.csv","Static",0,"029839_S01_01"
2,"QjQdnO40",1,12,1,3,"experiment-1.3-static-05_6.csv","Static",0,"4083328852_78914_01"
2,"rCOFf22U",0,12,0,1,"experiment-1.3-static-05_6.csv","Static",0,"4174330538_78419_01"
2,"T7pMGS19",0,12,0,2,"experiment-1.3-static-05_6.csv","Static",0,"4098577737_78419_01"
2,"ZGeHPGql",1,12,1,1,"experiment-1.3-static-05_6.csv","Static",0,"4098579819_78419_01"
2,"zKCPrGsz",1,12,1,4,"experiment-1.3-static-05_6.csv","Static",0,"1104980588_23694_01"
3,"3ClMwfdr",1,12,1,4,"experiment-1.3-static-05_6.csv","Static",0,"036403_S01_01"
3,"bCC27WPL",1,12,1,3,"experiment-1.3-static-05_6.csv","Static",0,"4224828351_78419_01"
3,"CY6DEsRy",1,12,1,3,"experiment-1.3-static-05_6.csv","Static",0,"157970_3992_01"
3,"dKSCJBQ8",1,12,1,2,"experiment-1.3-static-05_6.csv","Static",0,"4141908521_78419_01"
3,"k9MxXRh5",1,12,1,3,"experiment-1.3-static-05_6.csv","Static",0,"4224830328_78419_01"
3,"n7jGHdyD",1,12,1,2,"experiment-1.3-static-05_6.csv","Static",0,"006536_S01_01"
3,"nnu3VjM2",1,12,1,2,"experiment-1.3-static-05_6.csv","Static",0,"029839_S01_01"
3,"QjQdnO40",1,12,1,3,"experiment-1.3-static-05_6.csv","Static",0,"4083328852_78914_01"
3,"rCOFf22U",0,12,0,1,"experiment-1.3-static-05_6.csv","Static",0,"4174330538_78419_01"
3,"T7pMGS19",0,12,0,2,"experiment-1.3-static-05_6.csv","Static",0,"4098577737_78419_01"
3,"ZGeHPGql",0,12,1,1,"experiment-1.3-static-05_6.csv","Static",0,"4098579819_78419_01"
3,"zKCPrGsz",1,12,1,4,"experiment-1.3-static-05_6.csv","Static",0,"1104980588_23694_01"
4,"3ClMwfdr",1,12,1,4,"experiment-1.3-static-05_6.csv","Static",0,"036403_S01_01"
4,"bCC27WPL",1,12,1,3,"experiment-1.3-static-05_6.csv","Static",0,"4224828351_78419_01"
4,"CY6DEsRy",1,12,1,3,"experiment-1.3-static-05_6.csv","Static",0,"157970_3992_01"
4,"dKSCJBQ8",1,12,1,2,"experiment-1.3-static-05_6.csv","Static",0,"4141908521_78419_01"
4,"k9MxXRh5",1,12,1,3,"experiment-1.3-static-05_6.csv","Static",0,"4224830328_78419_01"
4,"n7jGHdyD",1,12,1,2,"experiment-1.3-static-05_6.csv","Static",0,"006536_S01_01"
4,"nnu3VjM2",1,12,1,2,"experiment-1.3-static-05_6.csv","Static",0,"029839_S01_01"
4,"QjQdnO40",1,12,1,3,"experiment-1.3-static-05_6.csv","Static",0,"4083328852_78914_01"
4,"rCOFf22U",0,12,0,1,"experiment-1.3-static-05_6.csv","Static",0,"4174330538_78419_01"
4,"T7pMGS19",0,12,0,2,"experiment-1.3-static-05_6.csv","Static",0,"4098577737_78419_01"
4,"ZGeHPGql",1,12,0,1,"experiment-1.3-static-05_6.csv","Static",0,"4098579819_78419_01"
4,"zKCPrGsz",1,12,1,4,"experiment-1.3-static-05_6.csv","Static",0,"1104980588_23694_01"
5,"3ClMwfdr",1,12,1,4,"experiment-1.3-static-05_6.csv","Static",0,"036403_S01_01"
5,"bCC27WPL",1,12,1,3,"experiment-1.3-static-05_6.csv","Static",0,"4224828351_78419_01"
5,"CY6DEsRy",1,12,1,3,"experiment-1.3-static-05_6.csv","Static",0,"157970_3992_01"
5,"dKSCJBQ8",1,12,1,2,"experiment-1.3-static-05_6.csv","Static",0,"4141908521_78419_01"
5,"k9MxXRh5",1,12,1,3,"experiment-1.3-static-05_6.csv","Static",0,"4224830328_78419_01"
5,"n7jGHdyD",1,12,1,2,"experiment-1.3-static-05_6.csv","Static",0,"006536_S01_01"
5,"nnu3VjM2",1,12,1,2,"experiment-1.3-static-05_6.csv","Static",0,"029839_S01_01"
5,"QjQdnO40",1,12,1,3,"experiment-1.3-static-05_6.csv","Static",0,"4083328852_78914_01"
5,"rCOFf22U",0,12,0,1,"experiment-1.3-static-05_6.csv","Static",0,"4174330538_78419_01"
5,"T7pMGS19",0,12,0,2,"experiment-1.3-static-05_6.csv","Static",0,"4098577737_78419_01"
5,"ZGeHPGql",1,12,1,1,"experiment-1.3-static-05_6.csv","Static",0,"4098579819_78419_01"
5,"zKCPrGsz",1,12,1,4,"experiment-1.3-static-05_6.csv","Static",0,"1104980588_23694_01"
6,"3ClMwfdr",1,12,1,4,"experiment-1.3-static-05_6.csv","Static",0,"036403_S01_01"
6,"bCC27WPL",1,12,1,3,"experiment-1.3-static-05_6.csv","Static",0,"4224828351_78419_01"
6,"CY6DEsRy",1,12,1,3,"experiment-1.3-static-05_6.csv","Static",0,"157970_3992_01"
6,"dKSCJBQ8",1,12,1,2,"experiment-1.3-static-05_6.csv","Static",0,"4141908521_78419_01"
6,"k9MxXRh5",1,12,1,3,"experiment-1.3-static-05_6.csv","Static",0,"4224830328_78419_01"
6,"n7jGHdyD",1,12,1,2,"experiment-1.3-static-05_6.csv","Static",0,"006536_S01_01"
6,"nnu3VjM2",1,12,1,2,"experiment-1.3-static-05_6.csv","Static",0,"029839_S01_01"
6,"QjQdnO40",1,12,1,3,"experiment-1.3-static-05_6.csv","Static",0,"4083328852_78914_01"
6,"rCOFf22U",0,12,0,1,"experiment-1.3-static-05_6.csv","Static",0,"4174330538_78419_01"
6,"T7pMGS19",0,12,0,2,"experiment-1.3-static-05_6.csv","Static",0,"4098577737_78419_01"
6,"ZGeHPGql",0,12,1,1,"experiment-1.3-static-05_6.csv","Static",0,"4098579819_78419_01"
6,"zKCPrGsz",1,12,1,4,"experiment-1.3-static-05_6.csv","Static",0,"1104980588_23694_01"
7,"3ClMwfdr",1,12,1,4,"experiment-1.3-static-05_6.csv","Static",0,"036403_S01_01"
7,"bCC27WPL",1,12,1,3,"experiment-1.3-static-05_6.csv","Static",0,"4224828351_78419_01"
7,"CY6DEsRy",1,12,1,3,"experiment-1.3-static-05_6.csv","Static",0,"157970_3992_01"
7,"dKSCJBQ8",1,12,1,2,"experiment-1.3-static-05_6.csv","Static",0,"4141908521_78419_01"
7,"k9MxXRh5",1,12,1,3,"experiment-1.3-static-05_6.csv","Static",0,"4224830328_78419_01"
7,"n7jGHdyD",1,12,1,2,"experiment-1.3-static-05_6.csv","Static",0,"006536_S01_01"
7,"nnu3VjM2",1,12,1,2,"experiment-1.3-static-05_6.csv","Static",0,"029839_S01_01"
7,"QjQdnO40",1,12,1,3,"experiment-1.3-static-05_6.csv","Static",0,"4083328852_78914_01"
7,"rCOFf22U",0,12,0,1,"experiment-1.3-static-05_6.csv","Static",0,"4174330538_78419_01"
7,"T7pMGS19",0,12,0,2,"experiment-1.3-static-05_6.csv","Static",0,"4098577737_78419_01"
7,"ZGeHPGql",1,12,0,1,"experiment-1.3-static-05_6.csv","Static",0,"4098579819_78419_01"
7,"zKCPrGsz",1,12,1,4,"experiment-1.3-static-05_6.csv","Static",0,"1104980588_23694_01"
1,"3AYzSo0a",1,12,,6,"experiment-1.4-random-03_4.csv","Random",0,"4176631747_78419_01"
1,"7oVIAWsh",1,12,,6,"experiment-1.4-random-03_4.csv","Random",0,"4141879666_78419_01"
1,"a1b0CU0H",1,12,,3,"experiment-1.4-random-03_4.csv","Random",0,"86081497_23694_01"
1,"f7cmoZxN",0,12,,3,"experiment-1.4-random-03_4.csv","Random",0,"145708_3992_01"
1,"gp0kahEm",1,12,,6,"experiment-1.4-random-03_4.csv","Random",0,"4142203207_78419_01"
1,"h9QwRCg4",1,12,,3,"experiment-1.4-random-03_4.csv","Random",0,"4210174049_78419_01"
1,"HwYrjeiA",1,12,,6,"experiment-1.4-random-03_4.csv","Random",0,"4224782065_78419_01"
1,"KyxZAxp0",1,12,,7,"experiment-1.4-random-03_4.csv","Random",0,"074136_S02_01"
1,"MyTwrheb",1,12,,3,"experiment-1.4-random-03_4.csv","Random",0,"044749_S02_01"
1,"p8deTL4y",1,12,,5,"experiment-1.4-random-03_4.csv","Random",0,"4173230988_78419_01"
1,"vLic4Age",1,12,,3,"experiment-1.4-random-03_4.csv","Random",0,"4182946069_78419_01"
1,"wYU0gcbT",1,12,,5,"experiment-1.4-random-03_4.csv","Random",0,"4098575526_78419_01"
2,"3AYzSo0a",1,12,1,6,"experiment-1.4-random-03_4.csv","Random",0,"4176631747_78419_01"
2,"7oVIAWsh",1,12,1,6,"experiment-1.4-random-03_4.csv","Random",0,"4141879666_78419_01"
2,"a1b0CU0H",1,12,1,3,"experiment-1.4-random-03_4.csv","Random",0,"86081497_23694_01"
2,"f7cmoZxN",0,12,0,3,"experiment-1.4-random-03_4.csv","Random",0,"145708_3992_01"
2,"gp0kahEm",0,12,1,6,"experiment-1.4-random-03_4.csv","Random",0,"4142203207_78419_01"
2,"h9QwRCg4",1,12,1,3,"experiment-1.4-random-03_4.csv","Random",0,"4210174049_78419_01"
2,"HwYrjeiA",1,12,1,6,"experiment-1.4-random-03_4.csv","Random",0,"4224782065_78419_01"
2,"KyxZAxp0",1,12,1,7,"experiment-1.4-random-03_4.csv","Random",0,"074136_S02_01"
2,"MyTwrheb",1,12,1,3,"experiment-1.4-random-03_4.csv","Random",0,"044749_S02_01"
2,"p8deTL4y",1,12,1,5,"experiment-1.4-random-03_4.csv","Random",0,"4173230988_78419_01"
2,"vLic4Age",1,12,1,3,"experiment-1.4-random-03_4.csv","Random",0,"4182946069_78419_01"
2,"wYU0gcbT",1,12,1,5,"experiment-1.4-random-03_4.csv","Random",0,"4098575526_78419_01"
1,"c12dj6al",1,9,,11,"experiment-1.4-random-04_5.csv","Random",0,"4175676577_92326_01"
1,"DeKlV503",0,9,,18,"experiment-1.4-random-04_5.csv","Random",0,"4198696487_78419_01"
1,"Hw6QadAx",0,9,,11,"experiment-1.4-random-04_5.csv","Random",0,"4224812772_78419_01"
1,"jmFnOoKt",1,9,,14,"experiment-1.4-random-04_5.csv","Random",0,"4224766527_78419_01"
1,"Kpefbwlv",1,9,,20,"experiment-1.4-random-04_5.csv","Random",0,"4210172616_78419_01"
1,"LPXST0hC",1,9,,15,"experiment-1.4-random-04_5.csv","Random",0,"4173231362_78419_01"
1,"RXIiD3rP",1,9,,10,"experiment-1.4-random-04_5.csv","Random",0,"062838_S02_01"
1,"s38hPaM8",0,9,,14,"experiment-1.4-random-04_5.csv","Random",0,"4198738768_78419_01"
1,"WshDL9Y8",1,9,,13,"experiment-1.4-random-04_5.csv","Random",0,"4205995222_78419_01"
2,"c12dj6al",1,10,1,13,"experiment-1.4-random-04_5.csv","Random",0,"4175676577_92326_01"
2,"DeKlV503",0,10,0,22,"experiment-1.4-random-04_5.csv","Random",0,"4198696487_78419_01"
2,"Hw6QadAx",0,10,0,14,"experiment-1.4-random-04_5.csv","Random",0,"4224812772_78419_01"
2,"jmFnOoKt",0,10,1,15,"experiment-1.4-random-04_5.csv","Random",0,"4224766527_78419_01"
2,"Kpefbwlv",1,10,1,22,"experiment-1.4-random-04_5.csv","Random",0,"4210172616_78419_01"
2,"LPXST0hC",1,10,1,16,"experiment-1.4-random-04_5.csv","Random",0,"4173231362_78419_01"
2,"RXIiD3rP",0,10,1,12,"experiment-1.4-random-04_5.csv","Random",0,"062838_S02_01"
2,"s38hPaM8",0,10,0,16,"experiment-1.4-random-04_5.csv","Random",0,"4198738768_78419_01"
2,"vyygRmNe",1,10,,18,"experiment-1.4-random-04_5.csv","Random",0,"4224790653_78419_01"
2,"WshDL9Y8",1,10,1,14,"experiment-1.4-random-04_5.csv","Random",0,"4205995222_78419_01"
3,"c12dj6al",1,10,1,13,"experiment-1.4-random-04_5.csv","Random",0,"4175676577_92326_01"
3,"DeKlV503",0,10,0,22,"experiment-1.4-random-04_5.csv","Random",0,"4198696487_78419_01"
3,"Hw6QadAx",0,10,0,14,"experiment-1.4-random-04_5.csv","Random",0,"4224812772_78419_01"
3,"jmFnOoKt",0,10,0,15,"experiment-1.4-random-04_5.csv","Random",0,"4224766527_78419_01"
3,"Kpefbwlv",1,10,1,22,"experiment-1.4-random-04_5.csv","Random",0,"4210172616_78419_01"
3,"LPXST0hC",1,10,1,16,"experiment-1.4-random-04_5.csv","Random",0,"4173231362_78419_01"
3,"RXIiD3rP",0,10,0,12,"experiment-1.4-random-04_5.csv","Random",0,"062838_S02_01"
3,"s38hPaM8",0,10,0,16,"experiment-1.4-random-04_5.csv","Random",0,"4198738768_78419_01"
3,"vyygRmNe",1,10,1,18,"experiment-1.4-random-04_5.csv","Random",0,"4224790653_78419_01"
3,"WshDL9Y8",0,10,1,14,"experiment-1.4-random-04_5.csv","Random",0,"4205995222_78419_01"
4,"c12dj6al",1,10,1,13,"experiment-1.4-random-04_5.csv","Random",0,"4175676577_92326_01"
4,"DeKlV503",0,10,0,22,"experiment-1.4-random-04_5.csv","Random",0,"4198696487_78419_01"
4,"Hw6QadAx",0,10,0,14,"experiment-1.4-random-04_5.csv","Random",0,"4224812772_78419_01"
4,"jmFnOoKt",0,10,0,15,"experiment-1.4-random-04_5.csv","Random",0,"4224766527_78419_01"
4,"Kpefbwlv",1,10,1,22,"experiment-1.4-random-04_5.csv","Random",0,"4210172616_78419_01"
4,"LPXST0hC",1,10,1,16,"experiment-1.4-random-04_5.csv","Random",0,"4173231362_78419_01"
4,"RXIiD3rP",1,10,0,12,"experiment-1.4-random-04_5.csv","Random",0,"062838_S02_01"
4,"s38hPaM8",0,10,0,16,"experiment-1.4-random-04_5.csv","Random",0,"4198738768_78419_01"
4,"vyygRmNe",0,10,1,18,"experiment-1.4-random-04_5.csv","Random",0,"4224790653_78419_01"
4,"WshDL9Y8",1,10,0,14,"experiment-1.4-random-04_5.csv","Random",0,"4205995222_78419_01"
5,"c12dj6al",1,10,1,13,"experiment-1.4-random-04_5.csv","Random",0,"4175676577_92326_01"
5,"DeKlV503",0,10,0,22,"experiment-1.4-random-04_5.csv","Random",0,"4198696487_78419_01"
5,"Hw6QadAx",0,10,0,14,"experiment-1.4-random-04_5.csv","Random",0,"4224812772_78419_01"
5,"jmFnOoKt",1,10,0,15,"experiment-1.4-random-04_5.csv","Random",0,"4224766527_78419_01"
5,"Kpefbwlv",1,10,1,22,"experiment-1.4-random-04_5.csv","Random",0,"4210172616_78419_01"
5,"LPXST0hC",1,10,1,16,"experiment-1.4-random-04_5.csv","Random",0,"4173231362_78419_01"
5,"RXIiD3rP",0,10,1,12,"experiment-1.4-random-04_5.csv","Random",0,"062838_S02_01"
5,"s38hPaM8",0,10,0,16,"experiment-1.4-random-04_5.csv","Random",0,"4198738768_78419_01"
5,"vyygRmNe",0,10,0,18,"experiment-1.4-random-04_5.csv","Random",0,"4224790653_78419_01"
5,"WshDL9Y8",0,10,1,14,"experiment-1.4-random-04_5.csv","Random",0,"4205995222_78419_01"
6,"c12dj6al",1,10,1,13,"experiment-1.4-random-04_5.csv","Random",0,"4175676577_92326_01"
6,"DeKlV503",0,10,0,22,"experiment-1.4-random-04_5.csv","Random",0,"4198696487_78419_01"
6,"Hw6QadAx",0,10,0,14,"experiment-1.4-random-04_5.csv","Random",0,"4224812772_78419_01"
6,"jmFnOoKt",1,10,1,15,"experiment-1.4-random-04_5.csv","Random",0,"4224766527_78419_01"
6,"Kpefbwlv",1,10,1,22,"experiment-1.4-random-04_5.csv","Random",0,"4210172616_78419_01"
6,"LPXST0hC",1,10,1,16,"experiment-1.4-random-04_5.csv","Random",0,"4173231362_78419_01"
6,"RXIiD3rP",0,10,0,12,"experiment-1.4-random-04_5.csv","Random",0,"062838_S02_01"
6,"s38hPaM8",0,10,0,16,"experiment-1.4-random-04_5.csv","Random",0,"4198738768_78419_01"
6,"vyygRmNe",1,10,0,18,"experiment-1.4-random-04_5.csv","Random",0,"4224790653_78419_01"
6,"WshDL9Y8",1,10,0,14,"experiment-1.4-random-04_5.csv","Random",0,"4205995222_78419_01"
7,"c12dj6al",1,10,1,13,"experiment-1.4-random-04_5.csv","Random",0,"4175676577_92326_01"
7,"DeKlV503",0,10,0,22,"experiment-1.4-random-04_5.csv","Random",0,"4198696487_78419_01"
7,"Hw6QadAx",0,10,0,14,"experiment-1.4-random-04_5.csv","Random",0,"4224812772_78419_01"
7,"jmFnOoKt",1,10,1,15,"experiment-1.4-random-04_5.csv","Random",0,"4224766527_78419_01"
7,"Kpefbwlv",1,10,1,22,"experiment-1.4-random-04_5.csv","Random",0,"4210172616_78419_01"
7,"LPXST0hC",1,10,1,16,"experiment-1.4-random-04_5.csv","Random",0,"4173231362_78419_01"
7,"RXIiD3rP",0,10,0,12,"experiment-1.4-random-04_5.csv","Random",0,"062838_S02_01"
7,"s38hPaM8",0,10,0,16,"experiment-1.4-random-04_5.csv","Random",0,"4198738768_78419_01"
7,"vyygRmNe",0,10,1,18,"experiment-1.4-random-04_5.csv","Random",0,"4224790653_78419_01"
7,"WshDL9Y8",1,10,1,14,"experiment-1.4-random-04_5.csv","Random",0,"4205995222_78419_01"
8,"c12dj6al",1,10,1,13,"experiment-1.4-random-04_5.csv","Random",0,"4175676577_92326_01"
8,"DeKlV503",0,10,0,22,"experiment-1.4-random-04_5.csv","Random",0,"4198696487_78419_01"
8,"Hw6QadAx",0,10,0,14,"experiment-1.4-random-04_5.csv","Random",0,"4224812772_78419_01"
8,"jmFnOoKt",0,10,1,15,"experiment-1.4-random-04_5.csv","Random",0,"4224766527_78419_01"
8,"Kpefbwlv",0,10,1,22,"experiment-1.4-random-04_5.csv","Random",0,"4210172616_78419_01"
8,"LPXST0hC",1,10,1,16,"experiment-1.4-random-04_5.csv","Random",0,"4173231362_78419_01"
8,"RXIiD3rP",0,10,0,12,"experiment-1.4-random-04_5.csv","Random",0,"062838_S02_01"
8,"s38hPaM8",0,10,0,16,"experiment-1.4-random-04_5.csv","Random",0,"4198738768_78419_01"
8,"vyygRmNe",0,10,0,18,"experiment-1.4-random-04_5.csv","Random",0,"4224790653_78419_01"
8,"WshDL9Y8",0,10,1,14,"experiment-1.4-random-04_5.csv","Random",0,"4205995222_78419_01"
9,"c12dj6al",1,10,1,13,"experiment-1.4-random-04_5.csv","Random",0,"4175676577_92326_01"
9,"DeKlV503",0,10,0,22,"experiment-1.4-random-04_5.csv","Random",0,"4198696487_78419_01"
9,"Hw6QadAx",0,10,0,14,"experiment-1.4-random-04_5.csv","Random",0,"4224812772_78419_01"
9,"jmFnOoKt",1,10,0,15,"experiment-1.4-random-04_5.csv","Random",0,"4224766527_78419_01"
9,"Kpefbwlv",1,10,0,22,"experiment-1.4-random-04_5.csv","Random",0,"4210172616_78419_01"
9,"LPXST0hC",1,10,1,16,"experiment-1.4-random-04_5.csv","Random",0,"4173231362_78419_01"
9,"RXIiD3rP",0,10,0,12,"experiment-1.4-random-04_5.csv","Random",0,"062838_S02_01"
9,"s38hPaM8",0,10,0,16,"experiment-1.4-random-04_5.csv","Random",0,"4198738768_78419_01"
9,"vyygRmNe",1,10,0,18,"experiment-1.4-random-04_5.csv","Random",0,"4224790653_78419_01"
9,"WshDL9Y8",1,10,0,14,"experiment-1.4-random-04_5.csv","Random",0,"4205995222_78419_01"
10,"c12dj6al",1,10,1,13,"experiment-1.4-random-04_5.csv","Random",0,"4175676577_92326_01"
10,"DeKlV503",0,10,0,22,"experiment-1.4-random-04_5.csv","Random",0,"4198696487_78419_01"
10,"Hw6QadAx",0,10,0,14,"experiment-1.4-random-04_5.csv","Random",0,"4224812772_78419_01"
10,"jmFnOoKt",0,10,1,15,"experiment-1.4-random-04_5.csv","Random",0,"4224766527_78419_01"
10,"Kpefbwlv",0,10,1,22,"experiment-1.4-random-04_5.csv","Random",0,"4210172616_78419_01"
10,"LPXST0hC",1,10,1,16,"experiment-1.4-random-04_5.csv","Random",0,"4173231362_78419_01"
10,"RXIiD3rP",0,10,0,12,"experiment-1.4-random-04_5.csv","Random",0,"062838_S02_01"
10,"s38hPaM8",0,10,0,16,"experiment-1.4-random-04_5.csv","Random",0,"4198738768_78419_01"
10,"vyygRmNe",1,10,1,18,"experiment-1.4-random-04_5.csv","Random",0,"4224790653_78419_01"
10,"WshDL9Y8",1,10,1,14,"experiment-1.4-random-04_5.csv","Random",0,"4205995222_78419_01"
1,"1JGCLsdL",0,10,,6,"experiment-1.9-random-01_33.csv","Random",0,"4191250004_5107_01"
1,"1wvtxwEJ",1,10,,7,"experiment-1.9-random-01_33.csv","Random",0,"4109837671_78419_01"
1,"3noO51Dw",0,10,,6,"experiment-1.9-random-01_33.csv","Random",0,"4173095230_78419_01"
1,"a9Cdpthg",1,10,,10,"experiment-1.9-random-01_33.csv","Random",0,"4205984826_78419_01"
1,"Ar7B8n2D",1,10,,10,"experiment-1.9-random-01_33.csv","Random",0,"2118690848_78419_01"
1,"KNwSRCiY",1,10,,13,"experiment-1.9-random-01_33.csv","Random",0,"1956317461_78419_01"
1,"QTF1ROzs",1,10,,12,"experiment-1.9-random-01_33.csv","Random",0,"1748312456_78419_01"
1,"QYgGWuFm",1,10,,8,"experiment-1.9-random-01_33.csv","Random",0,"4198749799_78419_01"
1,"yxBiMKcP",1,10,,6,"experiment-1.9-random-01_33.csv","Random",0,"108440_3992_01"
1,"yz18ht0z",0,10,,6,"experiment-1.9-random-01_33.csv","Random",0,"4109791363_78419_01"
2,"1JGCLsdL",0,11,0,7,"experiment-1.9-random-01_33.csv","Random",0,"4191250004_5107_01"
2,"1wvtxwEJ",1,11,1,8,"experiment-1.9-random-01_33.csv","Random",0,"4109837671_78419_01"
2,"3noO51Dw",0,11,0,6,"experiment-1.9-random-01_33.csv","Random",0,"4173095230_78419_01"
2,"a9Cdpthg",1,11,1,11,"experiment-1.9-random-01_33.csv","Random",0,"4205984826_78419_01"
2,"Ar7B8n2D",1,11,1,11,"experiment-1.9-random-01_33.csv","Random",0,"2118690848_78419_01"
2,"DfeXwGKP",0,11,,9,"experiment-1.9-random-01_33.csv","Random",0,"4198701562_78419_01"
2,"KNwSRCiY",1,11,1,14,"experiment-1.9-random-01_33.csv","Random",0,"1956317461_78419_01"
2,"QTF1ROzs",1,11,1,12,"experiment-1.9-random-01_33.csv","Random",0,"1748312456_78419_01"
2,"QYgGWuFm",1,11,1,9,"experiment-1.9-random-01_33.csv","Random",0,"4198749799_78419_01"
2,"yxBiMKcP",1,11,1,7,"experiment-1.9-random-01_33.csv","Random",0,"108440_3992_01"
2,"yz18ht0z",0,11,0,8,"experiment-1.9-random-01_33.csv","Random",0,"4109791363_78419_01"
3,"1JGCLsdL",0,11,0,7,"experiment-1.9-random-01_33.csv","Random",0,"4191250004_5107_01"
3,"1wvtxwEJ",1,11,1,8,"experiment-1.9-random-01_33.csv","Random",0,"4109837671_78419_01"
3,"3noO51Dw",0,11,0,6,"experiment-1.9-random-01_33.csv","Random",0,"4173095230_78419_01"
3,"a9Cdpthg",1,11,1,11,"experiment-1.9-random-01_33.csv","Random",0,"4205984826_78419_01"
3,"Ar7B8n2D",1,11,1,11,"experiment-1.9-random-01_33.csv","Random",0,"2118690848_78419_01"
3,"DfeXwGKP",0,11,0,9,"experiment-1.9-random-01_33.csv","Random",0,"4198701562_78419_01"
3,"KNwSRCiY",1,11,1,14,"experiment-1.9-random-01_33.csv","Random",0,"1956317461_78419_01"
3,"QTF1ROzs",1,11,1,12,"experiment-1.9-random-01_33.csv","Random",0,"1748312456_78419_01"
3,"QYgGWuFm",1,11,1,9,"experiment-1.9-random-01_33.csv","Random",0,"4198749799_78419_01"
3,"yxBiMKcP",1,11,1,7,"experiment-1.9-random-01_33.csv","Random",0,"108440_3992_01"
3,"yz18ht0z",0,11,0,8,"experiment-1.9-random-01_33.csv","Random",0,"4109791363_78419_01"
4,"1JGCLsdL",0,11,0,7,"experiment-1.9-random-01_33.csv","Random",0,"4191250004_5107_01"
4,"1wvtxwEJ",1,11,1,8,"experiment-1.9-random-01_33.csv","Random",0,"4109837671_78419_01"
4,"3noO51Dw",1,11,0,6,"experiment-1.9-random-01_33.csv","Random",0,"4173095230_78419_01"
4,"a9Cdpthg",1,11,1,11,"experiment-1.9-random-01_33.csv","Random",0,"4205984826_78419_01"
4,"Ar7B8n2D",1,11,1,11,"experiment-1.9-random-01_33.csv","Random",0,"2118690848_78419_01"
4,"DfeXwGKP",0,11,0,9,"experiment-1.9-random-01_33.csv","Random",0,"4198701562_78419_01"
4,"KNwSRCiY",1,11,1,14,"experiment-1.9-random-01_33.csv","Random",0,"1956317461_78419_01"
4,"QTF1ROzs",1,11,1,12,"experiment-1.9-random-01_33.csv","Random",0,"1748312456_78419_01"
4,"QYgGWuFm",0,11,1,9,"experiment-1.9-random-01_33.csv","Random",0,"4198749799_78419_01"
4,"yxBiMKcP",0,11,1,7,"experiment-1.9-random-01_33.csv","Random",0,"108440_3992_01"
4,"yz18ht0z",0,11,0,8,"experiment-1.9-random-01_33.csv","Random",0,"4109791363_78419_01"
1,"1ucCQt8J",1,18,,6,"experiment-1.9-viscous-03_43.csv","Viscous",0,"4135953552_78419_01"
1,"5opbRaZs",1,18,,3,"experiment-1.9-viscous-03_43.csv","Viscous",0,"4210180698_78419_01"
1,"7o4oXVjV",0,18,,6,"experiment-1.9-viscous-03_43.csv","Viscous",0,"4209509867_78419_01"
1,"acxGxCoK",1,18,,1,"experiment-1.9-viscous-03_43.csv","Viscous",0,"1828041859_78419_01"
1,"BLMYbFQS",1,18,,2,"experiment-1.9-viscous-03_43.csv","Viscous",0,"4098582171_78419_01"
1,"DJ8zBqDK",1,18,,3,"experiment-1.9-viscous-03_43.csv","Viscous",0,"4210183601_78419_01"
1,"dJVfxpxw",1,18,,6,"experiment-1.9-viscous-03_43.csv","Viscous",0,"4198729964_78419_01"
1,"DmW1YT6p",1,18,,2,"experiment-1.9-viscous-03_43.csv","Viscous",0,"4148885876_78419_01"
1,"GJwlkJOK",1,18,,4,"experiment-1.9-viscous-03_43.csv","Viscous",0,"4182955648_78419_01"
1,"gYzKkoom",1,18,,3,"experiment-1.9-viscous-03_43.csv","Viscous",0,"900498_3992_01"
1,"Kk19y4uE",1,18,,4,"experiment-1.9-viscous-03_43.csv","Viscous",0,"079616_S02_01"
1,"L6YKYnXh",1,18,,3,"experiment-1.9-viscous-03_43.csv","Viscous",0,"4183004116_78419_01"
1,"lONpXxVX",1,18,,5,"experiment-1.9-viscous-03_43.csv","Viscous",0,"4198723463_78419_01"
1,"RjopVhCS",1,18,,6,"experiment-1.9-viscous-03_43.csv","Viscous",0,"4205995111_78419_01"
1,"srnHGSbb",1,18,,2,"experiment-1.9-viscous-03_43.csv","Viscous",0,"4205983416_78419_01"
1,"uBLXJeGr",1,18,,7,"experiment-1.9-viscous-03_43.csv","Viscous",0,"4198736146_78419_01"
1,"vXgvXt7U",1,18,,6,"experiment-1.9-viscous-03_43.csv","Viscous",0,"4198739819_78419_01"
1,"YlgbdAo2",1,18,,3,"experiment-1.9-viscous-03_43.csv","Viscous",0,"098223_3992_03"
2,"1ucCQt8J",1,18,1,6,"experiment-1.9-viscous-03_43.csv","Viscous",0,"4135953552_78419_01"
2,"5opbRaZs",1,18,1,3,"experiment-1.9-viscous-03_43.csv","Viscous",0,"4210180698_78419_01"
2,"7o4oXVjV",0,18,0,6,"experiment-1.9-viscous-03_43.csv","Viscous",0,"4209509867_78419_01"
2,"acxGxCoK",1,18,1,4,"experiment-1.9-viscous-03_43.csv","Viscous",0,"1828041859_78419_01"
2,"BLMYbFQS",1,18,1,3,"experiment-1.9-viscous-03_43.csv","Viscous",0,"4098582171_78419_01"
2,"DJ8zBqDK",1,18,1,4,"experiment-1.9-viscous-03_43.csv","Viscous",0,"4210183601_78419_01"
2,"dJVfxpxw",1,18,1,6,"experiment-1.9-viscous-03_43.csv","Viscous",0,"4198729964_78419_01"
2,"DmW1YT6p",1,18,1,3,"experiment-1.9-viscous-03_43.csv","Viscous",0,"4148885876_78419_01"
2,"GJwlkJOK",1,18,1,5,"experiment-1.9-viscous-03_43.csv","Viscous",0,"4182955648_78419_01"
2,"gYzKkoom",1,18,1,5,"experiment-1.9-viscous-03_43.csv","Viscous",0,"900498_3992_01"
2,"Kk19y4uE",1,18,1,4,"experiment-1.9-viscous-03_43.csv","Viscous",0,"079616_S02_01"
2,"L6YKYnXh",1,18,1,4,"experiment-1.9-viscous-03_43.csv","Viscous",0,"4183004116_78419_01"
2,"lONpXxVX",1,18,1,5,"experiment-1.9-viscous-03_43.csv","Viscous",0,"4198723463_78419_01"
2,"RjopVhCS",1,18,1,5,"experiment-1.9-viscous-03_43.csv","Viscous",0,"4205995111_78419_01"
2,"srnHGSbb",1,18,1,5,"experiment-1.9-viscous-03_43.csv","Viscous",0,"4205983416_78419_01"
2,"uBLXJeGr",1,18,1,7,"experiment-1.9-viscous-03_43.csv","Viscous",0,"4198736146_78419_01"
2,"vXgvXt7U",1,18,1,6,"experiment-1.9-viscous-03_43.csv","Viscous",0,"4198739819_78419_01"
2,"YlgbdAo2",1,18,1,3,"experiment-1.9-viscous-03_43.csv","Viscous",0,"098223_3992_03"
3,"1ucCQt8J",1,18,1,7,"experiment-1.9-viscous-03_43.csv","Viscous",0,"4135953552_78419_01"
3,"5opbRaZs",1,18,1,3,"experiment-1.9-viscous-03_43.csv","Viscous",0,"4210180698_78419_01"
3,"7o4oXVjV",0,18,0,6,"experiment-1.9-viscous-03_43.csv","Viscous",0,"4209509867_78419_01"
3,"acxGxCoK",1,18,1,4,"experiment-1.9-viscous-03_43.csv","Viscous",0,"1828041859_78419_01"
3,"BLMYbFQS",1,18,1,4,"experiment-1.9-viscous-03_43.csv","Viscous",0,"4098582171_78419_01"
3,"DJ8zBqDK",1,18,1,4,"experiment-1.9-viscous-03_43.csv","Viscous",0,"4210183601_78419_01"
3,"dJVfxpxw",1,18,1,6,"experiment-1.9-viscous-03_43.csv","Viscous",0,"4198729964_78419_01"
3,"DmW1YT6p",1,18,1,4,"experiment-1.9-viscous-03_43.csv","Viscous",0,"4148885876_78419_01"
3,"GJwlkJOK",1,18,1,5,"experiment-1.9-viscous-03_43.csv","Viscous",0,"4182955648_78419_01"
3,"gYzKkoom",1,18,1,5,"experiment-1.9-viscous-03_43.csv","Viscous",0,"900498_3992_01"
3,"Kk19y4uE",1,18,1,6,"experiment-1.9-viscous-03_43.csv","Viscous",0,"079616_S02_01"
3,"L6YKYnXh",1,18,1,5,"experiment-1.9-viscous-03_43.csv","Viscous",0,"4183004116_78419_01"
3,"lONpXxVX",1,18,1,7,"experiment-1.9-viscous-03_43.csv","Viscous",0,"4198723463_78419_01"
3,"RjopVhCS",1,18,1,5,"experiment-1.9-viscous-03_43.csv","Viscous",0,"4205995111_78419_01"
3,"srnHGSbb",1,18,1,5,"experiment-1.9-viscous-03_43.csv","Viscous",0,"4205983416_78419_01"
3,"uBLXJeGr",1,18,1,8,"experiment-1.9-viscous-03_43.csv","Viscous",0,"4198736146_78419_01"
3,"vXgvXt7U",1,18,1,6,"experiment-1.9-viscous-03_43.csv","Viscous",0,"4198739819_78419_01"
3,"YlgbdAo2",1,18,1,4,"experiment-1.9-viscous-03_43.csv","Viscous",0,"098223_3992_03"
4,"1ucCQt8J",1,18,1,7,"experiment-1.9-viscous-03_43.csv","Viscous",0,"4135953552_78419_01"
4,"5opbRaZs",1,18,1,4,"experiment-1.9-viscous-03_43.csv","Viscous",0,"4210180698_78419_01"
4,"7o4oXVjV",0,18,0,6,"experiment-1.9-viscous-03_43.csv","Viscous",0,"4209509867_78419_01"
4,"acxGxCoK",1,18,1,7,"experiment-1.9-viscous-03_43.csv","Viscous",0,"1828041859_78419_01"
4,"BLMYbFQS",1,18,1,5,"experiment-1.9-viscous-03_43.csv","Viscous",0,"4098582171_78419_01"
4,"DJ8zBqDK",1,18,1,8,"experiment-1.9-viscous-03_43.csv","Viscous",0,"4210183601_78419_01"
4,"dJVfxpxw",1,18,1,9,"experiment-1.9-viscous-03_43.csv","Viscous",0,"4198729964_78419_01"
4,"DmW1YT6p",1,18,1,5,"experiment-1.9-viscous-03_43.csv","Viscous",0,"4148885876_78419_01"
4,"GJwlkJOK",1,18,1,5,"experiment-1.9-viscous-03_43.csv","Viscous",0,"4182955648_78419_01"
4,"gYzKkoom",1,18,1,6,"experiment-1.9-viscous-03_43.csv","Viscous",0,"900498_3992_01"
4,"Kk19y4uE",1,18,1,8,"experiment-1.9-viscous-03_43.csv","Viscous",0,"079616_S02_01"
4,"L6YKYnXh",1,18,1,6,"experiment-1.9-viscous-03_43.csv","Viscous",0,"4183004116_78419_01"
4,"lONpXxVX",1,18,1,9,"experiment-1.9-viscous-03_43.csv","Viscous",0,"4198723463_78419_01"
4,"RjopVhCS",1,18,1,6,"experiment-1.9-viscous-03_43.csv","Viscous",0,"4205995111_78419_01"
4,"srnHGSbb",0,18,1,5,"experiment-1.9-viscous-03_43.csv","Viscous",0,"4205983416_78419_01"
4,"uBLXJeGr",1,18,1,8,"experiment-1.9-viscous-03_43.csv","Viscous",0,"4198736146_78419_01"
4,"vXgvXt7U",1,18,1,9,"experiment-1.9-viscous-03_43.csv","Viscous",0,"4198739819_78419_01"
4,"YlgbdAo2",1,18,1,5,"experiment-1.9-viscous-03_43.csv","Viscous",0,"098223_3992_03"
