"playerid","group","round_num","group_connect","connect","condition","session","ingroup","biased","identities","empanel_id"
"0fr0kaXH",3,1,3,1,"Biased-4","e2.2_2017-08-24",1,1,1,"4210169883_78419_01"
"1dSNXUdN",1,1,1,1,"Biased-4","e2.4_2017-08-21",1,1,1,"4173097852_78419_01"
"2QsvgjjE",0,1,0,1,"Biased-2","e2.4_2017-08-27",1,1,0,"4174331532_78419_01"
"2XmZPU4o",1,1,1,1,"Biased-4","e2.2_2017-08-24",1,1,1,"158212_3992_01"
"2XmZPU4o",1,1,2,1,"Biased-4","e2.2_2017-08-24",0,1,1,"158212_3992_01"
"3j95iGEm",1,1,1,1,"Biased-4","e2.1_2017-08-28",1,1,1,"4224776595_78419_01"
"4LxH222e",2,1,2,1,"Biased-4","e2.1_2017-08-28",1,1,1,"057143_S02_02"
"5fZVsRyY",3,1,3,1,"Biased-4","e2.2_2017-08-24",1,1,1,"1666766099_78419_01"
"5fZVsRyY",3,1,1,1,"Biased-4","e2.2_2017-08-24",0,1,1,"1666766099_78419_01"
"5opbRaZs",2,1,1,1,"Biased-4","e2.1_2017-08-28",0,1,1,"4210180698_78419_01"
"5opbRaZs",2,1,0,1,"Biased-4","e2.1_2017-08-28",0,1,1,"4210180698_78419_01"
"5opbRaZs",2,1,2,1,"Biased-4","e2.1_2017-08-28",1,1,1,"4210180698_78419_01"
"8QvFHvPV",1,1,1,1,"Biased-4","e2.1_2017-08-23",1,1,1,"1746281748_78419_01"
"9TJO1tjc",2,1,0,1,"Biased-4","e2.4_2017-08-21",0,1,1,"4182993715_78419_01"
"a9wxWHuc",0,1,0,1,"Biased-4","e2.1_2017-08-23",1,1,1,"4128112508_78419_01"
"B8nQCJnk",1,1,1,1,"Biased-4","e2.4_2017-08-21",1,1,1,"4222264061_78419_01"
"B8nQCJnk",1,1,0,0,"Biased-4","e2.4_2017-08-21",0,1,1,"4222264061_78419_01"
"BYpYNLYZ",0,1,0,1,"Biased-2","e2.4_2017-08-27",1,1,0,"060507_S02_02"
"BYpYNLYZ",0,1,1,1,"Biased-2","e2.4_2017-08-27",0,1,0,"060507_S02_02"
"cCWpfNHl",1,1,1,1,"Biased-2","e2.4_2017-08-27",1,1,0,"088523_S02_01"
"CY6DEsRy",3,1,3,1,"Biased-4","e2.4_2017-08-21",1,1,1,"157970_3992_01"
"diPOf8ra",2,1,1,1,"Biased-4","e2.2_2017-08-24",0,1,1,"4033152806_78914_01"
"diPOf8ra",2,1,2,1,"Biased-4","e2.2_2017-08-24",1,1,1,"4033152806_78914_01"
"eqcJ4jve",3,1,3,1,"Biased-4","e2.4_2017-08-21",1,1,1,"4222261623_78419_01"
"ggsLbDfz",2,1,1,1,"Biased-4","e2.2_2017-08-24",0,1,1,"015419_S01_HH"
"ggsLbDfz",2,1,2,1,"Biased-4","e2.2_2017-08-24",1,1,1,"015419_S01_HH"
"IEEr3afx",0,1,1,0,"Biased-4","e2.2_2017-08-24",0,1,1,"4224790013_78419_01"
"IEEr3afx",0,1,3,0,"Biased-4","e2.2_2017-08-24",0,1,1,"4224790013_78419_01"
"ioIMkkv3",0,1,0,1,"Biased-2","e2.4_2017-08-27",1,1,0,"1869068229_78419_01"
"jlkiDCUf",0,1,0,1,"Biased-2","e2.4_2017-08-27",1,1,0,"1797570488_78419_01"
"JxdStep4",0,1,0,1,"Biased-2","e2.4_2017-08-27",1,1,0,"4210175671_78419_01"
"kyl98fLI",3,1,3,1,"Biased-4","e2.4_2017-08-21",1,1,1,"4175654125_92326_01"
"LPXST0hC",2,1,3,1,"Biased-4","e2.1_2017-08-28",0,1,1,"4173231362_78419_01"
"LPXST0hC",2,1,0,1,"Biased-4","e2.1_2017-08-28",0,1,1,"4173231362_78419_01"
"LPXST0hC",2,1,2,1,"Biased-4","e2.1_2017-08-28",1,1,1,"4173231362_78419_01"
"lyGJPNXR",2,1,0,0,"Biased-4","e2.2_2017-08-24",0,1,1,"069388_S02_01"
"lyGJPNXR",2,1,1,0,"Biased-4","e2.2_2017-08-24",0,1,1,"069388_S02_01"
"lyGJPNXR",2,1,2,0,"Biased-4","e2.2_2017-08-24",1,1,1,"069388_S02_01"
"lyGJPNXR",2,1,3,0,"Biased-4","e2.2_2017-08-24",0,1,1,"069388_S02_01"
"MDbJQOVf",1,1,1,1,"Biased-4","e2.1_2017-08-28",1,1,1,"4083363247_78914_01"
"mn9JA7Xk",0,1,0,1,"Biased-2","e2.4_2017-08-27",1,1,0,"1686963147_78419_01"
"MNqgePjh",1,1,1,1,"Biased-4","e2.1_2017-08-28",1,1,1,"4018908883_78914_01"
"NXZbh3Db",2,1,1,1,"Biased-4","e2.2_2017-08-24",0,1,1,"069622_S02_02"
"NXZbh3Db",2,1,2,1,"Biased-4","e2.2_2017-08-24",1,1,1,"069622_S02_02"
"O80GJs4W",0,1,0,1,"Biased-4","e2.1_2017-08-23",1,1,1,"142804_3992_02"
"oiQ4Mojb",1,1,0,0,"Biased-4","e2.1_2017-08-28",0,1,1,"4182983867_78419_01"
"oiQ4Mojb",1,1,1,0,"Biased-4","e2.1_2017-08-28",1,1,1,"4182983867_78419_01"
"oiQ4Mojb",1,1,2,0,"Biased-4","e2.1_2017-08-28",0,1,1,"4182983867_78419_01"
"oiQ4Mojb",1,1,3,0,"Biased-4","e2.1_2017-08-28",0,1,1,"4182983867_78419_01"
"pG9ucTV2",1,1,0,0,"Biased-2","e2.4_2017-08-27",0,1,0,"4205979274_78419_01"
"pG9ucTV2",1,1,1,0,"Biased-2","e2.4_2017-08-27",1,1,0,"4205979274_78419_01"
"QzcB0mkZ",3,1,0,0,"Biased-4","e2.4_2017-08-21",0,1,1,"115208_3992_01"
"QzcB0mkZ",3,1,1,0,"Biased-4","e2.4_2017-08-21",0,1,1,"115208_3992_01"
"QzcB0mkZ",3,1,2,0,"Biased-4","e2.4_2017-08-21",0,1,1,"115208_3992_01"
"QzcB0mkZ",3,1,3,0,"Biased-4","e2.4_2017-08-21",1,1,1,"115208_3992_01"
"rASdAjzN",2,1,0,1,"Biased-4","e2.1_2017-08-28",0,1,1,"4182947893_78419_01"
"rASdAjzN",2,1,2,1,"Biased-4","e2.1_2017-08-28",1,1,1,"4182947893_78419_01"
"rCOFf22U",3,1,3,1,"Biased-4","e2.2_2017-08-24",1,1,1,"4174330538_78419_01"
"REYE9Wvx",1,1,0,1,"Biased-4","e2.4_2017-08-21",0,1,1,"4148885330_78419_01"
"REYE9Wvx",1,1,3,1,"Biased-4","e2.4_2017-08-21",0,1,1,"4148885330_78419_01"
"REYE9Wvx",1,1,1,1,"Biased-4","e2.4_2017-08-21",1,1,1,"4148885330_78419_01"
"RXIiD3rP",2,1,1,1,"Biased-4","e2.2_2017-08-24",0,1,1,"062838_S02_01"
"Sw3Et2xV",1,1,1,1,"Biased-4","e2.2_2017-08-24",1,1,1,"4224795530_78419_01"
"UvZf1gPO",1,1,3,0,"Biased-4","e2.2_2017-08-24",0,1,1,"4224772930_78419_01"
"UvZf1gPO",1,1,0,0,"Biased-4","e2.2_2017-08-24",0,1,1,"4224772930_78419_01"
"UvZf1gPO",1,1,1,0,"Biased-4","e2.2_2017-08-24",1,1,1,"4224772930_78419_01"
"UvZf1gPO",1,1,2,0,"Biased-4","e2.2_2017-08-24",0,1,1,"4224772930_78419_01"
"uXJWcSH5",3,1,2,1,"Biased-4","e2.1_2017-08-28",0,1,1,"025702_S01_HH"
"v2eqSRsE",0,1,3,1,"Biased-4","e2.4_2017-08-21",0,1,1,"4198749367_78419_01"
"v2eqSRsE",0,1,2,1,"Biased-4","e2.4_2017-08-21",0,1,1,"4198749367_78419_01"
"v2eqSRsE",0,1,1,0,"Biased-4","e2.4_2017-08-21",0,1,1,"4198749367_78419_01"
"v2eqSRsE",0,1,0,1,"Biased-4","e2.4_2017-08-21",1,1,1,"4198749367_78419_01"
"VeNM0aaG",1,1,1,1,"Biased-4","e2.1_2017-08-28",1,1,1,"4224774744_78419_01"
"VTOvAf0i",1,1,1,0,"Biased-4","e2.1_2017-08-23",1,1,1,"4205996497_78419_01"
"VTOvAf0i",1,1,3,0,"Biased-4","e2.1_2017-08-23",0,1,1,"4205996497_78419_01"
"VTOvAf0i",1,1,0,0,"Biased-4","e2.1_2017-08-23",0,1,1,"4205996497_78419_01"
"VTOvAf0i",1,1,2,0,"Biased-4","e2.1_2017-08-23",0,1,1,"4205996497_78419_01"
"w8xhRZT0",1,1,3,1,"Biased-4","e2.4_2017-08-21",0,1,1,"4224772520_78419_01"
"w8xhRZT0",1,1,1,1,"Biased-4","e2.4_2017-08-21",1,1,1,"4224772520_78419_01"
"WCJJbu4i",0,1,0,1,"Biased-4","e2.4_2017-08-21",1,1,1,"143967_3992_01"
"WCJJbu4i",0,1,1,1,"Biased-4","e2.4_2017-08-21",0,1,1,"143967_3992_01"
"wcuIZKR6",1,1,1,1,"Biased-2","e2.4_2017-08-27",1,1,0,"107651_3992_01"
"wKBuViKl",1,1,2,1,"Biased-4","e2.2_2017-08-24",0,1,1,"4128108027_78419_01"
"wKBuViKl",1,1,1,1,"Biased-4","e2.2_2017-08-24",1,1,1,"4128108027_78419_01"
"wKBuViKl",1,1,3,1,"Biased-4","e2.2_2017-08-24",0,1,1,"4128108027_78419_01"
"xfxbvdKr",0,1,0,1,"Biased-4","e2.1_2017-08-28",1,1,1,"4083282359_5107_01"
"XUr96Ljm",3,1,3,1,"Biased-4","e2.2_2017-08-24",1,1,1,"750812_S02_01"
"XUr96Ljm",3,1,1,0,"Biased-4","e2.2_2017-08-24",0,1,1,"750812_S02_01"
"XUr96Ljm",3,1,0,0,"Biased-4","e2.2_2017-08-24",0,1,1,"750812_S02_01"
"y7SXKZDi",0,1,2,1,"Biased-4","e2.1_2017-08-28",0,1,1,"81614155_23694_01"
"y7SXKZDi",0,1,0,1,"Biased-4","e2.1_2017-08-28",1,1,1,"81614155_23694_01"
"YZof3wEf",1,1,1,1,"Biased-2","e2.4_2017-08-27",1,1,0,"1104439372_23694_02"
"Zp7IFzWn",1,1,1,1,"Biased-4","e2.2_2017-08-24",1,1,1,"4209527873_78419_01"
"Zp7IFzWn",1,1,2,1,"Biased-4","e2.2_2017-08-24",0,1,1,"4209527873_78419_01"
"Zp7IFzWn",1,1,3,1,"Biased-4","e2.2_2017-08-24",0,1,1,"4209527873_78419_01"
"ZweiHCzi",3,1,3,1,"Biased-4","e2.4_2017-08-21",1,1,1,"4182914741_78419_01"
"2eCW1FlE",1,2,1,1,"Biased-2","e2.3_2017-08-31",1,1,0,"4142230532_78419_01"
"2n8fFNoM",2,2,3,0,"Biased-4","e2.1_2017-09-03",0,1,1,"4205995801_78419_01"
"2n8fFNoM",2,2,2,1,"Biased-4","e2.1_2017-09-03",1,1,1,"4205995801_78419_01"
"2UIMidzg",0,2,3,0,"Biased-4","e2.1_2017-09-03",0,1,1,"4198750331_78419_01"
"2UIMidzg",0,2,0,0,"Biased-4","e2.1_2017-09-03",1,1,1,"4198750331_78419_01"
"2UIMidzg",0,2,2,0,"Biased-4","e2.1_2017-09-03",0,1,1,"4198750331_78419_01"
"2UIMidzg",0,2,1,0,"Biased-4","e2.1_2017-09-03",0,1,1,"4198750331_78419_01"
"3j95iGEm",2,2,3,1,"Biased-4","e2.1_2017-08-28",0,1,1,"4224776595_78419_01"
"3j95iGEm",2,2,2,1,"Biased-4","e2.1_2017-08-28",1,1,1,"4224776595_78419_01"
"4LxH222e",2,2,2,0,"Biased-4","e2.1_2017-08-28",1,1,1,"057143_S02_02"
"4rAYLpiK",2,2,2,1,"Biased-4","e2.1_2017-08-28",1,1,1,"4182991699_78419_01"
"4rAYLpiK",2,2,1,1,"Biased-4","e2.1_2017-08-28",0,1,1,"4182991699_78419_01"
"4rAYLpiK",2,2,0,1,"Biased-4","e2.1_2017-08-28",0,1,1,"4182991699_78419_01"
"5opbRaZs",2,2,2,1,"Biased-4","e2.1_2017-08-28",1,1,1,"4210180698_78419_01"
"6eq39r0t",0,2,0,1,"Biased-2","e2.4_2017-08-31",1,1,0,"1590401214_78419_01"
"7DsUVios",1,2,1,1,"Biased-2","e2.3_2017-08-28",1,1,0,"4182928698_78419_01"
"7DsUVios",1,2,0,1,"Biased-2","e2.3_2017-08-28",0,1,0,"4182928698_78419_01"
"a89vyAFL",2,2,2,1,"Biased-4","e2.1_2017-09-03",1,1,1,"86042049_23694_01"
"a89vyAFL",2,2,0,1,"Biased-4","e2.1_2017-09-03",0,1,1,"86042049_23694_01"
"b3pCCPJi",0,2,0,1,"Unbiased-2","e2.6_2017-09-09",1,0,0,"4142196852_78419_01"
"b3pCCPJi",0,2,1,1,"Unbiased-2","e2.6_2017-09-09",0,0,0,"4142196852_78419_01"
"CDitEj5Y",0,2,0,1,"Biased-2","e2.3_2017-08-28",1,1,0,"4210176701_78419_01"
"CDitEj5Y",0,2,1,1,"Biased-2","e2.3_2017-08-28",0,1,0,"4210176701_78419_01"
"CSIho5fN",2,2,2,1,"Biased-4","e2.1_2017-09-03",1,1,1,"4175653832_92326_01"
"CSIho5fN",2,2,0,1,"Biased-4","e2.1_2017-09-03",0,1,1,"4175653832_92326_01"
"CSIho5fN",2,2,3,0,"Biased-4","e2.1_2017-09-03",0,1,1,"4175653832_92326_01"
"cSQt54dS",1,2,0,1,"Biased-2","e2.4_2017-08-31",0,1,0,"1724172254_78419_01"
"CwFE3ItX",1,2,1,1,"Biased-2","e2.3_2017-08-31",1,1,0,"4175653757_92326_01"
"D0irM1wA",1,2,1,1,"Biased-2","e2.3_2017-08-28",1,1,0,"4175654735_92326_01"
"D0irM1wA",1,2,0,1,"Biased-2","e2.3_2017-08-28",0,1,0,"4175654735_92326_01"
"EALWRNpD",1,2,1,1,"Unbiased-2","e2.6_2017-09-09",1,0,0,"4224774488_78419_01"
"eO5jet6P",1,2,0,1,"Biased-2","e2.3_2017-08-28",0,1,0,"1975424113_78419_01"
"eO5jet6P",1,2,1,1,"Biased-2","e2.3_2017-08-28",1,1,0,"1975424113_78419_01"
"eU62ovxG",1,2,0,0,"Biased-2","e2.3_2017-08-28",0,1,0,"4198698469_78419_01"
"eU62ovxG",1,2,1,0,"Biased-2","e2.3_2017-08-28",1,1,0,"4198698469_78419_01"
"f7cmoZxN",1,2,1,1,"Unbiased-2","e2.6_2017-09-09",1,0,0,"145708_3992_01"
"f7cmoZxN",1,2,0,1,"Unbiased-2","e2.6_2017-09-09",0,0,0,"145708_3992_01"
"H0kC41XP",2,2,0,1,"Biased-4","e2.1_2017-09-03",0,1,1,"4142214247_78419_01"
"H0kC41XP",2,2,2,1,"Biased-4","e2.1_2017-09-03",1,1,1,"4142214247_78419_01"
"hEsQGRRN",1,2,1,1,"Biased-2","e2.3_2017-08-28",1,1,0,"4224814466_78419_01"
"HgL5wQXl",0,2,1,1,"Unbiased-2","e2.6_2017-09-09",0,0,0,"4198723823_78419_01"
"i7IIFMIb",1,2,1,1,"Biased-2","e2.3_2017-08-31",1,1,0,"4210182356_78419_01"
"JckRZ4Su",1,2,1,1,"Biased-2","e2.3_2017-08-28",1,1,0,"4142231922_78419_01"
"jLzegXH6",1,2,0,0,"Unbiased-2","e2.6_2017-09-09",0,0,0,"4210178541_78419_01"
"jLzegXH6",1,2,1,1,"Unbiased-2","e2.6_2017-09-09",1,0,0,"4210178541_78419_01"
"JnID4Q2o",0,2,1,1,"Unbiased-2","e2.6_2017-09-09",0,0,0,"4183009964_78419_01"
"JPppFZWQ",1,2,1,1,"Biased-2","e2.3_2017-08-31",1,1,0,"4198735108_78419_01"
"ju7eWJ5D",1,2,1,1,"Biased-2","e2.3_2017-08-31",1,1,0,"4198696732_78419_01"
"jxy012QP",2,2,2,1,"Biased-4","e2.1_2017-09-03",1,1,1,"4224777765_78419_01"
"jxy012QP",2,2,0,1,"Biased-4","e2.1_2017-09-03",0,1,1,"4224777765_78419_01"
"kJ508QX4",1,2,0,1,"Biased-4","e2.1_2017-09-03",0,1,1,"147028_3992_01"
"kJ508QX4",1,2,2,1,"Biased-4","e2.1_2017-09-03",0,1,1,"147028_3992_01"
"LPXST0hC",2,2,2,1,"Biased-4","e2.1_2017-08-28",1,1,1,"4173231362_78419_01"
"MyTwrheb",0,2,1,1,"Biased-2","e2.4_2017-08-31",0,1,0,"044749_S02_01"
"MyTwrheb",0,2,0,1,"Biased-2","e2.4_2017-08-31",1,1,0,"044749_S02_01"
"n7jGHdyD",1,2,1,1,"Biased-2","e2.3_2017-08-31",1,1,0,"006536_S01_01"
"nQ9GHNJp",1,2,0,1,"Unbiased-2","e2.6_2017-09-09",0,0,0,"4148901480_78419_01"
"oiQ4Mojb",2,2,2,0,"Biased-4","e2.1_2017-08-28",1,1,1,"4182983867_78419_01"
"oiQ4Mojb",2,2,3,0,"Biased-4","e2.1_2017-08-28",0,1,1,"4182983867_78419_01"
"oiQ4Mojb",2,2,1,0,"Biased-4","e2.1_2017-08-28",0,1,1,"4182983867_78419_01"
"oiQ4Mojb",2,2,0,0,"Biased-4","e2.1_2017-08-28",0,1,1,"4182983867_78419_01"
"OmtdCXCq",1,2,1,1,"Biased-2","e2.3_2017-08-31",1,1,0,"4224774627_78419_01"
"QShMToNs",1,2,1,1,"Unbiased-2","e2.6_2017-09-09",1,0,0,"4141908830_78419_01"
"QShMToNs",1,2,0,1,"Unbiased-2","e2.6_2017-09-09",0,0,0,"4141908830_78419_01"
"r3AZnOBT",1,2,0,0,"Biased-2","e2.3_2017-08-28",0,1,0,"010914_S01_HH"
"r3AZnOBT",1,2,1,0,"Biased-2","e2.3_2017-08-28",1,1,0,"010914_S01_HH"
"rASdAjzN",2,2,2,1,"Biased-4","e2.1_2017-08-28",1,1,1,"4182947893_78419_01"
"RNTqSbN2",1,2,0,1,"Unbiased-2","e2.6_2017-09-09",0,0,0,"1834436193_78419_01"
"RNTqSbN2",1,2,1,1,"Unbiased-2","e2.6_2017-09-09",1,0,0,"1834436193_78419_01"
"STfPvxel",1,2,1,1,"Biased-2","e2.3_2017-08-28",1,1,0,"4083379780_5107_01"
"Sx3WY8DF",2,2,1,0,"Biased-4","e2.1_2017-09-03",0,1,1,"4142236580_78419_01"
"Sx3WY8DF",2,2,2,0,"Biased-4","e2.1_2017-09-03",1,1,1,"4142236580_78419_01"
"Sx3WY8DF",2,2,0,0,"Biased-4","e2.1_2017-09-03",0,1,1,"4142236580_78419_01"
"Sx3WY8DF",2,2,3,0,"Biased-4","e2.1_2017-09-03",0,1,1,"4142236580_78419_01"
"tEB5uO21",0,2,0,0,"Biased-2","e2.3_2017-08-28",1,1,0,"4193052637_78419_01"
"tEB5uO21",0,2,1,0,"Biased-2","e2.3_2017-08-28",0,1,0,"4193052637_78419_01"
"TgojOpBZ",0,2,0,1,"Biased-2","e2.4_2017-08-31",1,1,0,"4142235125_78419_01"
"tiUegpsp",0,2,0,1,"Unbiased-2","e2.6_2017-09-09",1,0,0,"4174335565_78419_01"
"tiUegpsp",0,2,1,1,"Unbiased-2","e2.6_2017-09-09",0,0,0,"4174335565_78419_01"
"tqPAyJE4",1,2,1,1,"Unbiased-2","e2.6_2017-09-09",1,0,0,"4224780943_78419_01"
"U8hihsFv",3,2,2,1,"Biased-4","e2.1_2017-09-03",0,1,1,"4198726251_78419_01"
"uiAFosTU",0,2,1,0,"Biased-4","e2.1_2017-09-03",0,1,1,"4224810545_78419_01"
"uiAFosTU",0,2,2,0,"Biased-4","e2.1_2017-09-03",0,1,1,"4224810545_78419_01"
"uiAFosTU",0,2,0,0,"Biased-4","e2.1_2017-09-03",1,1,1,"4224810545_78419_01"
"uiAFosTU",0,2,3,0,"Biased-4","e2.1_2017-09-03",0,1,1,"4224810545_78419_01"
"uXJWcSH5",3,2,2,1,"Biased-4","e2.1_2017-08-28",0,1,1,"025702_S01_HH"
"VeNM0aaG",1,2,2,1,"Biased-4","e2.1_2017-08-28",0,1,1,"4224774744_78419_01"
"VG1N0gwz",0,2,0,1,"Biased-2","e2.3_2017-08-28",1,1,0,"4210176637_78419_01"
"VG1N0gwz",0,2,1,0,"Biased-2","e2.3_2017-08-28",0,1,0,"4210176637_78419_01"
"VHwMul8t",2,2,2,1,"Biased-4","e2.1_2017-09-03",1,1,1,"1917465972_78419_01"
"VHwMul8t",2,2,3,1,"Biased-4","e2.1_2017-09-03",0,1,1,"1917465972_78419_01"
"w2NyOm6v",3,2,0,1,"Biased-4","e2.1_2017-09-03",0,1,1,"4222270010_78419_01"
"w2NyOm6v",3,2,3,1,"Biased-4","e2.1_2017-09-03",1,1,1,"4222270010_78419_01"
"w2NyOm6v",3,2,2,0,"Biased-4","e2.1_2017-09-03",0,1,1,"4222270010_78419_01"
"WshDL9Y8",0,2,0,1,"Biased-2","e2.3_2017-08-28",1,1,0,"4205995222_78419_01"
"wTEFmE3O",2,2,2,1,"Biased-4","e2.1_2017-09-03",1,1,1,"165723_3992_02"
"wU4n9hI1",0,2,1,1,"Unbiased-2","e2.6_2017-09-09",0,0,0,"4198699806_78419_01"
"wZT18Vvb",2,2,2,1,"Biased-4","e2.1_2017-09-03",1,1,1,"4182914445_78419_01"
"xfxbvdKr",0,2,2,1,"Biased-4","e2.1_2017-08-28",0,1,1,"4083282359_5107_01"
"xqyUXbmR",1,2,1,1,"Biased-2","e2.3_2017-08-28",1,1,0,"1796202230_78419_01"
"XY8hOWgz",0,2,1,1,"Unbiased-2","e2.6_2017-09-09",0,0,0,"4198748387_78419_01"
"XzHeyDPf",1,2,1,1,"Biased-2","e2.3_2017-08-31",1,1,0,"1741182395_78419_01"
"y7SXKZDi",0,2,2,1,"Biased-4","e2.1_2017-08-28",0,1,1,"81614155_23694_01"
"YSKlL1Ic",1,2,1,1,"Biased-2","e2.3_2017-08-31",1,1,0,"4209524657_78419_01"
"z1B8b3UP",3,2,1,0,"Biased-4","e2.1_2017-09-03",0,1,1,"1976098278_78419_01"
"z1B8b3UP",3,2,2,0,"Biased-4","e2.1_2017-09-03",0,1,1,"1976098278_78419_01"
"z1B8b3UP",3,2,0,0,"Biased-4","e2.1_2017-09-03",0,1,1,"1976098278_78419_01"
"z1B8b3UP",3,2,3,0,"Biased-4","e2.1_2017-09-03",1,1,1,"1976098278_78419_01"
"ZGeHPGql",1,2,1,1,"Biased-2","e2.3_2017-08-28",1,1,0,"4098579819_78419_01"
"ZWXXtavu",1,2,1,1,"Unbiased-2","e2.6_2017-09-09",1,0,0,"1776799322_78419_01"
"0Q2BEZAa",1,3,1,1,"Biased-2","e2.3_2017-09-06",1,1,0,"4175677220_92326_01"
"2n8fFNoM",2,3,3,1,"Biased-4","e2.1_2017-09-03",0,1,1,"4205995801_78419_01"
"2n8fFNoM",2,3,0,0,"Biased-4","e2.1_2017-09-03",0,1,1,"4205995801_78419_01"
"2OuLp0f2",1,3,1,1,"Biased-2","e2.3_2017-09-06",1,1,0,"4141910110_78419_01"
"2UIMidzg",1,3,0,0,"Biased-4","e2.1_2017-09-03",0,1,1,"4198750331_78419_01"
"2UIMidzg",1,3,1,0,"Biased-4","e2.1_2017-09-03",1,1,1,"4198750331_78419_01"
"2UIMidzg",1,3,2,0,"Biased-4","e2.1_2017-09-03",0,1,1,"4198750331_78419_01"
"2UIMidzg",1,3,3,0,"Biased-4","e2.1_2017-09-03",0,1,1,"4198750331_78419_01"
"3j95iGEm",2,3,2,1,"Biased-4","e2.1_2017-08-28",1,1,1,"4224776595_78419_01"
"4LxH222e",2,3,3,1,"Biased-4","e2.1_2017-08-28",0,1,1,"057143_S02_02"
"4LxH222e",2,3,2,1,"Biased-4","e2.1_2017-08-28",1,1,1,"057143_S02_02"
"4rAYLpiK",2,3,3,1,"Biased-4","e2.1_2017-08-28",0,1,1,"4182991699_78419_01"
"4rAYLpiK",2,3,2,1,"Biased-4","e2.1_2017-08-28",1,1,1,"4182991699_78419_01"
"5opbRaZs",2,3,2,1,"Biased-4","e2.1_2017-08-28",1,1,1,"4210180698_78419_01"
"5SzOC8Ys",1,3,1,1,"Biased-4","e2.4_2017-08-21",1,1,1,"1104966268_23694_01"
"66YrZSAn",1,3,1,1,"Biased-2","e2.3_2017-09-06",1,1,0,"4191215279_5107_01"
"7DsUVios",1,3,0,1,"Biased-2","e2.3_2017-08-28",0,1,0,"4182928698_78419_01"
"7DsUVios",1,3,1,1,"Biased-2","e2.3_2017-08-28",1,1,0,"4182928698_78419_01"
"9TJO1tjc",2,3,2,1,"Biased-4","e2.4_2017-08-21",1,1,1,"4182993715_78419_01"
"9TJO1tjc",2,3,0,1,"Biased-4","e2.4_2017-08-21",0,1,1,"4182993715_78419_01"
"B8nQCJnk",2,3,0,0,"Biased-4","e2.4_2017-08-21",0,1,1,"4222264061_78419_01"
"B8nQCJnk",2,3,1,0,"Biased-4","e2.4_2017-08-21",0,1,1,"4222264061_78419_01"
"B8nQCJnk",2,3,2,0,"Biased-4","e2.4_2017-08-21",1,1,1,"4222264061_78419_01"
"B8nQCJnk",2,3,3,0,"Biased-4","e2.4_2017-08-21",0,1,1,"4222264061_78419_01"
"CDitEj5Y",0,3,0,1,"Biased-2","e2.3_2017-08-28",1,1,0,"4210176701_78419_01"
"CSIho5fN",2,3,0,1,"Biased-4","e2.1_2017-09-03",0,1,1,"4175653832_92326_01"
"CY6DEsRy",3,3,2,1,"Biased-4","e2.4_2017-08-21",0,1,1,"157970_3992_01"
"D0irM1wA",1,3,0,1,"Biased-2","e2.3_2017-08-28",0,1,0,"4175654735_92326_01"
"eLk1kYxt",1,3,0,0,"Biased-2","e2.3_2017-09-06",0,1,0,"4141905505_78419_01"
"eLk1kYxt",1,3,1,0,"Biased-2","e2.3_2017-09-06",1,1,0,"4141905505_78419_01"
"eO5jet6P",1,3,0,1,"Biased-2","e2.3_2017-08-28",0,1,0,"1975424113_78419_01"
"eO5jet6P",1,3,1,1,"Biased-2","e2.3_2017-08-28",1,1,0,"1975424113_78419_01"
"eU62ovxG",0,3,0,0,"Biased-2","e2.3_2017-08-28",1,1,0,"4198698469_78419_01"
"eU62ovxG",0,3,1,0,"Biased-2","e2.3_2017-08-28",0,1,0,"4198698469_78419_01"
"EZk45OGB",0,3,1,1,"Biased-2","e2.3_2017-09-06",0,1,0,"4174336493_78419_01"
"fgcHkh83",1,3,1,1,"Biased-2","e2.3_2017-09-06",1,1,0,"1869095040_78419_01"
"FV95AWtf",0,3,1,1,"Biased-2","e2.3_2017-09-06",0,1,0,"4182978590_78419_01"
"fZhwr54A",0,3,1,1,"Biased-2","e2.3_2017-09-06",0,1,0,"4222260257_78419_01"
"h9QwRCg4",0,3,1,1,"Biased-2","e2.3_2017-09-06",0,1,0,"4210174049_78419_01"
"hEsQGRRN",1,3,1,1,"Biased-2","e2.3_2017-08-28",1,1,0,"4224814466_78419_01"
"Hw6QadAx",0,3,1,1,"Biased-2","e2.3_2017-09-06",0,1,0,"4224812772_78419_01"
"Hw6QadAx",0,3,0,1,"Biased-2","e2.3_2017-09-06",1,1,0,"4224812772_78419_01"
"JckRZ4Su",1,3,1,1,"Biased-2","e2.3_2017-08-28",1,1,0,"4142231922_78419_01"
"jxy012QP",2,3,3,1,"Biased-4","e2.1_2017-09-03",0,1,1,"4224777765_78419_01"
"kJ508QX4",0,3,2,1,"Biased-4","e2.1_2017-09-03",0,1,1,"147028_3992_01"
"kJ508QX4",0,3,0,1,"Biased-4","e2.1_2017-09-03",1,1,1,"147028_3992_01"
"kJ508QX4",0,3,3,0,"Biased-4","e2.1_2017-09-03",0,1,1,"147028_3992_01"
"kyl98fLI",1,3,1,1,"Biased-4","e2.4_2017-08-21",1,1,1,"4175654125_92326_01"
"L97SPwct",0,3,1,1,"Biased-2","e2.3_2017-09-06",0,1,0,"1904469500_78419_01"
"LPXST0hC",2,3,2,1,"Biased-4","e2.1_2017-08-28",1,1,1,"4173231362_78419_01"
"nmQ27e1C",1,3,1,1,"Biased-4","e2.4_2017-08-21",1,1,1,"4209526288_78419_01"
"oiQ4Mojb",3,3,3,0,"Biased-4","e2.1_2017-08-28",1,1,1,"4182983867_78419_01"
"oiQ4Mojb",3,3,1,0,"Biased-4","e2.1_2017-08-28",0,1,1,"4182983867_78419_01"
"oiQ4Mojb",3,3,2,0,"Biased-4","e2.1_2017-08-28",0,1,1,"4182983867_78419_01"
"oiQ4Mojb",3,3,0,0,"Biased-4","e2.1_2017-08-28",0,1,1,"4182983867_78419_01"
"oNlAMbPd",1,3,1,1,"Biased-2","e2.3_2017-09-06",1,1,0,"4142208842_78419_01"
"QzcB0mkZ",0,3,0,0,"Biased-4","e2.4_2017-08-21",1,1,1,"115208_3992_01"
"QzcB0mkZ",0,3,1,0,"Biased-4","e2.4_2017-08-21",0,1,1,"115208_3992_01"
"QzcB0mkZ",0,3,2,0,"Biased-4","e2.4_2017-08-21",0,1,1,"115208_3992_01"
"QzcB0mkZ",0,3,3,0,"Biased-4","e2.4_2017-08-21",0,1,1,"115208_3992_01"
"r3AZnOBT",0,3,0,0,"Biased-2","e2.3_2017-08-28",1,1,0,"010914_S01_HH"
"r3AZnOBT",0,3,1,0,"Biased-2","e2.3_2017-08-28",0,1,0,"010914_S01_HH"
"REYE9Wvx",1,3,1,1,"Biased-4","e2.4_2017-08-21",1,1,1,"4148885330_78419_01"
"REYE9Wvx",1,3,0,1,"Biased-4","e2.4_2017-08-21",0,1,1,"4148885330_78419_01"
"Sn1EKUkx",1,3,1,1,"Biased-4","e2.4_2017-08-21",1,1,1,"4222255862_78419_01"
"STfPvxel",1,3,1,1,"Biased-2","e2.3_2017-08-28",1,1,0,"4083379780_5107_01"
"Sx3WY8DF",3,3,3,0,"Biased-4","e2.1_2017-09-03",1,1,1,"4142236580_78419_01"
"Sx3WY8DF",3,3,1,0,"Biased-4","e2.1_2017-09-03",0,1,1,"4142236580_78419_01"
"Sx3WY8DF",3,3,2,0,"Biased-4","e2.1_2017-09-03",0,1,1,"4142236580_78419_01"
"Sx3WY8DF",3,3,0,0,"Biased-4","e2.1_2017-09-03",0,1,1,"4142236580_78419_01"
"tEB5uO21",1,3,0,0,"Biased-2","e2.3_2017-08-28",0,1,0,"4193052637_78419_01"
"tEB5uO21",1,3,1,0,"Biased-2","e2.3_2017-08-28",1,1,0,"4193052637_78419_01"
"U8hihsFv",0,3,3,1,"Biased-4","e2.1_2017-09-03",0,1,1,"4198726251_78419_01"
"U8hihsFv",0,3,0,1,"Biased-4","e2.1_2017-09-03",1,1,1,"4198726251_78419_01"
"U8hihsFv",0,3,2,0,"Biased-4","e2.1_2017-09-03",0,1,1,"4198726251_78419_01"
"uiAFosTU",1,3,2,0,"Biased-4","e2.1_2017-09-03",0,1,1,"4224810545_78419_01"
"uiAFosTU",1,3,3,0,"Biased-4","e2.1_2017-09-03",0,1,1,"4224810545_78419_01"
"uiAFosTU",1,3,0,0,"Biased-4","e2.1_2017-09-03",0,1,1,"4224810545_78419_01"
"uiAFosTU",1,3,1,0,"Biased-4","e2.1_2017-09-03",1,1,1,"4224810545_78419_01"
"uXJWcSH5",3,3,3,1,"Biased-4","e2.1_2017-08-28",1,1,1,"025702_S01_HH"
"VeNM0aaG",1,3,2,1,"Biased-4","e2.1_2017-08-28",0,1,1,"4224774744_78419_01"
"VG1N0gwz",0,3,1,0,"Biased-2","e2.3_2017-08-28",0,1,0,"4210176637_78419_01"
"VG1N0gwz",0,3,0,1,"Biased-2","e2.3_2017-08-28",1,1,0,"4210176637_78419_01"
"w2NyOm6v",3,3,3,1,"Biased-4","e2.1_2017-09-03",1,1,1,"4222270010_78419_01"
"w8xhRZT0",1,3,2,1,"Biased-4","e2.4_2017-08-21",0,1,1,"4224772520_78419_01"
"WshDL9Y8",0,3,0,1,"Biased-2","e2.3_2017-08-28",1,1,0,"4205995222_78419_01"
"wZT18Vvb",2,3,0,1,"Biased-4","e2.1_2017-09-03",0,1,1,"4182914445_78419_01"
"wZT18Vvb",2,3,1,1,"Biased-4","e2.1_2017-09-03",0,1,1,"4182914445_78419_01"
"xfxbvdKr",2,3,3,1,"Biased-4","e2.1_2017-08-28",0,1,1,"4083282359_5107_01"
"xfxbvdKr",2,3,2,1,"Biased-4","e2.1_2017-08-28",1,1,1,"4083282359_5107_01"
"xfxbvdKr",2,3,1,1,"Biased-4","e2.1_2017-08-28",0,1,1,"4083282359_5107_01"
"xqyUXbmR",1,3,1,1,"Biased-2","e2.3_2017-08-28",1,1,0,"1796202230_78419_01"
"YJLgFM05",1,3,1,1,"Biased-2","e2.3_2017-08-28",1,1,0,"4098578922_78419_01"
"YJLgFM05",1,3,0,1,"Biased-2","e2.3_2017-08-28",0,1,0,"4098578922_78419_01"
"z1B8b3UP",0,3,0,0,"Biased-4","e2.1_2017-09-03",1,1,1,"1976098278_78419_01"
"z1B8b3UP",0,3,1,0,"Biased-4","e2.1_2017-09-03",0,1,1,"1976098278_78419_01"
"z1B8b3UP",0,3,2,0,"Biased-4","e2.1_2017-09-03",0,1,1,"1976098278_78419_01"
"z1B8b3UP",0,3,3,0,"Biased-4","e2.1_2017-09-03",0,1,1,"1976098278_78419_01"
"ZGeHPGql",1,3,1,1,"Biased-2","e2.3_2017-08-28",1,1,0,"4098579819_78419_01"
"0fr0kaXH",3,4,3,1,"Biased-4","e2.2_2017-08-24",1,1,1,"4210169883_78419_01"
"2XmZPU4o",2,4,1,1,"Biased-4","e2.2_2017-08-24",0,1,1,"158212_3992_01"
"2XmZPU4o",2,4,2,1,"Biased-4","e2.2_2017-08-24",1,1,1,"158212_3992_01"
"2XmZPU4o",2,4,3,1,"Biased-4","e2.2_2017-08-24",0,1,1,"158212_3992_01"
"2XmZPU4o",2,4,0,1,"Biased-4","e2.2_2017-08-24",0,1,1,"158212_3992_01"
"3AYzSo0a",1,4,0,1,"Unbiased-2","e2.6_2017-09-21",0,0,0,"4176631747_78419_01"
"3NPNzJYf",0,4,0,1,"Unbiased-2","e2.6_2017-09-16",1,0,0,"1887154303_78419_01"
"5Dc9pgMR",1,4,0,0,"Biased-2","e2.3_2017-08-31",0,1,0,"1869079206_78419_01"
"5fZVsRyY",3,4,1,1,"Biased-4","e2.2_2017-08-24",0,1,1,"1666766099_78419_01"
"5fZVsRyY",3,4,3,1,"Biased-4","e2.2_2017-08-24",1,1,1,"1666766099_78419_01"
"5fZVsRyY",3,4,2,1,"Biased-4","e2.2_2017-08-24",0,1,1,"1666766099_78419_01"
"5SzOC8Ys",1,4,2,1,"Biased-4","e2.4_2017-08-21",0,1,1,"1104966268_23694_01"
"5SzOC8Ys",1,4,1,1,"Biased-4","e2.4_2017-08-21",1,1,1,"1104966268_23694_01"
"7oVIAWsh",1,4,0,1,"Unbiased-2","e2.6_2017-09-16",0,0,0,"4141879666_78419_01"
"9TJO1tjc",2,4,2,1,"Biased-4","e2.4_2017-08-21",1,1,1,"4182993715_78419_01"
"B8nQCJnk",3,4,0,0,"Biased-4","e2.4_2017-08-21",0,1,1,"4222264061_78419_01"
"B8nQCJnk",3,4,1,0,"Biased-4","e2.4_2017-08-21",0,1,1,"4222264061_78419_01"
"B8nQCJnk",3,4,2,0,"Biased-4","e2.4_2017-08-21",0,1,1,"4222264061_78419_01"
"B8nQCJnk",3,4,3,0,"Biased-4","e2.4_2017-08-21",1,1,1,"4222264061_78419_01"
"c12dj6al",0,4,0,1,"Unbiased-2","e2.6_2017-09-16",1,0,0,"4175676577_92326_01"
"CMkZT74c",0,4,1,0,"Unbiased-2","e2.6_2017-09-16",0,0,0,"4182968972_78419_01"
"CMkZT74c",0,4,0,1,"Unbiased-2","e2.6_2017-09-16",1,0,0,"4182968972_78419_01"
"CY6DEsRy",3,4,3,1,"Biased-4","e2.4_2017-08-21",1,1,1,"157970_3992_01"
"diPOf8ra",2,4,2,1,"Biased-4","e2.2_2017-08-24",1,1,1,"4033152806_78914_01"
"diPOf8ra",2,4,3,1,"Biased-4","e2.2_2017-08-24",0,1,1,"4033152806_78914_01"
"eqcJ4jve",3,4,3,0,"Biased-4","e2.4_2017-08-21",1,1,1,"4222261623_78419_01"
"eqcJ4jve",3,4,2,0,"Biased-4","e2.4_2017-08-21",0,1,1,"4222261623_78419_01"
"eTQUtKSe",0,4,0,1,"Unbiased-2","e2.6_2017-09-16",1,0,0,"4141881004_78419_01"
"ggsLbDfz",2,4,2,1,"Biased-4","e2.2_2017-08-24",1,1,1,"015419_S01_HH"
"HQ9XsNlH",1,4,0,0,"Unbiased-2","e2.6_2017-09-16",0,0,0,"4205978713_78419_01"
"i7IIFMIb",1,4,0,1,"Biased-2","e2.3_2017-08-31",0,1,0,"4210182356_78419_01"
"IEEr3afx",1,4,2,1,"Biased-4","e2.2_2017-08-24",0,1,1,"4224790013_78419_01"
"IEEr3afx",1,4,1,1,"Biased-4","e2.2_2017-08-24",1,1,1,"4224790013_78419_01"
"jC2kr3u0",0,4,0,1,"Biased-2","e2.3_2017-08-31",1,1,0,"4210176685_78419_01"
"jpnPuVCM",0,4,0,0,"Unbiased-2","e2.6_2017-09-21",1,0,0,"4193034472_78419_01"
"JPppFZWQ",0,4,1,1,"Biased-2","e2.3_2017-08-31",0,1,0,"4198735108_78419_01"
"JPppFZWQ",0,4,0,1,"Biased-2","e2.3_2017-08-31",1,1,0,"4198735108_78419_01"
"Kpefbwlv",0,4,0,1,"Biased-2","e2.3_2017-08-31",1,1,0,"4210172616_78419_01"
"LKii9aEK",0,4,0,1,"Unbiased-2","e2.6_2017-09-21",1,0,0,"4182918354_78419_01"
"lyGJPNXR",3,4,0,0,"Biased-4","e2.2_2017-08-24",0,1,1,"069388_S02_01"
"lyGJPNXR",3,4,1,0,"Biased-4","e2.2_2017-08-24",0,1,1,"069388_S02_01"
"lyGJPNXR",3,4,3,0,"Biased-4","e2.2_2017-08-24",1,1,1,"069388_S02_01"
"lyGJPNXR",3,4,2,0,"Biased-4","e2.2_2017-08-24",0,1,1,"069388_S02_01"
"n7jGHdyD",0,4,1,1,"Biased-2","e2.3_2017-08-31",0,1,0,"006536_S01_01"
"n7jGHdyD",0,4,0,0,"Biased-2","e2.3_2017-08-31",1,1,0,"006536_S01_01"
"NXZbh3Db",3,4,0,1,"Biased-4","e2.2_2017-08-24",0,1,1,"069622_S02_02"
"NXZbh3Db",3,4,2,1,"Biased-4","e2.2_2017-08-24",0,1,1,"069622_S02_02"
"NXZbh3Db",3,4,3,1,"Biased-4","e2.2_2017-08-24",1,1,1,"069622_S02_02"
"O5c1zblg",0,4,0,1,"Biased-2","e2.3_2017-08-31",1,1,0,"4198741919_78419_01"
"PDbvxhQc",0,4,0,1,"Biased-2","e2.3_2017-08-31",1,1,0,"121889_3992_01"
"QY65oXAS",0,4,0,1,"Biased-2","e2.3_2017-08-31",1,1,0,"023401_S01_HH"
"QzcB0mkZ",1,4,0,0,"Biased-4","e2.4_2017-08-21",0,1,1,"115208_3992_01"
"QzcB0mkZ",1,4,1,0,"Biased-4","e2.4_2017-08-21",1,1,1,"115208_3992_01"
"QzcB0mkZ",1,4,2,0,"Biased-4","e2.4_2017-08-21",0,1,1,"115208_3992_01"
"QzcB0mkZ",1,4,3,0,"Biased-4","e2.4_2017-08-21",0,1,1,"115208_3992_01"
"rCOFf22U",0,4,3,1,"Biased-4","e2.2_2017-08-24",0,1,1,"4174330538_78419_01"
"rCOFf22U",0,4,2,1,"Biased-4","e2.2_2017-08-24",0,1,1,"4174330538_78419_01"
"rCOFf22U",0,4,1,1,"Biased-4","e2.2_2017-08-24",0,1,1,"4174330538_78419_01"
"RXIiD3rP",2,4,1,0,"Biased-4","e2.2_2017-08-24",0,1,1,"062838_S02_01"
"RXIiD3rP",2,4,2,1,"Biased-4","e2.2_2017-08-24",1,1,1,"062838_S02_01"
"RXIiD3rP",2,4,3,0,"Biased-4","e2.2_2017-08-24",0,1,1,"062838_S02_01"
"sJGf8QUk",0,4,0,0,"Biased-2","e2.3_2017-08-31",1,1,0,"4174334848_78419_01"
"Sn1EKUkx",2,4,3,1,"Biased-4","e2.4_2017-08-21",0,1,1,"4222255862_78419_01"
"Sn1EKUkx",2,4,2,1,"Biased-4","e2.4_2017-08-21",1,1,1,"4222255862_78419_01"
"Sn1EKUkx",2,4,1,1,"Biased-4","e2.4_2017-08-21",0,1,1,"4222255862_78419_01"
"Sn1EKUkx",2,4,0,1,"Biased-4","e2.4_2017-08-21",0,1,1,"4222255862_78419_01"
"Sw3Et2xV",1,4,1,1,"Biased-4","e2.2_2017-08-24",1,1,1,"4224795530_78419_01"
"Sw3Et2xV",1,4,2,1,"Biased-4","e2.2_2017-08-24",0,1,1,"4224795530_78419_01"
"UvZf1gPO",2,4,0,0,"Biased-4","e2.2_2017-08-24",0,1,1,"4224772930_78419_01"
"UvZf1gPO",2,4,2,0,"Biased-4","e2.2_2017-08-24",1,1,1,"4224772930_78419_01"
"UvZf1gPO",2,4,3,0,"Biased-4","e2.2_2017-08-24",0,1,1,"4224772930_78419_01"
"UvZf1gPO",2,4,1,0,"Biased-4","e2.2_2017-08-24",0,1,1,"4224772930_78419_01"
"v2eqSRsE",0,4,2,1,"Biased-4","e2.4_2017-08-21",0,1,1,"4198749367_78419_01"
"w8xhRZT0",1,4,1,1,"Biased-4","e2.4_2017-08-21",1,1,1,"4224772520_78419_01"
"WCJJbu4i",0,4,2,1,"Biased-4","e2.4_2017-08-21",0,1,1,"143967_3992_01"
"WCJJbu4i",0,4,1,1,"Biased-4","e2.4_2017-08-21",0,1,1,"143967_3992_01"
"wKBuViKl",1,4,1,1,"Biased-4","e2.2_2017-08-24",1,1,1,"4128108027_78419_01"
"x0Q2cCRq",1,4,1,1,"Biased-4","e2.2_2017-08-24",1,1,1,"4224776226_78419_01"
"x0Q2cCRq",1,4,0,1,"Biased-4","e2.2_2017-08-24",0,1,1,"4224776226_78419_01"
"x7QzBBkz",0,4,1,1,"Unbiased-2","e2.6_2017-09-21",0,0,0,"4009917197_78914_01"
"x7QzBBkz",0,4,0,1,"Unbiased-2","e2.6_2017-09-21",1,0,0,"4009917197_78914_01"
"XCnmdDUg",1,4,2,1,"Biased-4","e2.2_2017-08-24",0,1,1,"4222256011_78419_01"
"XCnmdDUg",1,4,1,1,"Biased-4","e2.2_2017-08-24",1,1,1,"4222256011_78419_01"
"Xu1iETkg",1,4,0,1,"Unbiased-2","e2.6_2017-09-16",0,0,0,"4198746872_78419_01"
"XUr96Ljm",1,4,3,0,"Biased-4","e2.2_2017-08-24",0,1,1,"750812_S02_01"
"XUr96Ljm",1,4,2,0,"Biased-4","e2.2_2017-08-24",0,1,1,"750812_S02_01"
"XUr96Ljm",1,4,1,1,"Biased-4","e2.2_2017-08-24",1,1,1,"750812_S02_01"
"XzHeyDPf",1,4,0,1,"Biased-2","e2.3_2017-08-31",0,1,0,"1741182395_78419_01"
"Zp7IFzWn",2,4,1,1,"Biased-4","e2.2_2017-08-24",0,1,1,"4209527873_78419_01"
"Zp7IFzWn",2,4,2,1,"Biased-4","e2.2_2017-08-24",1,1,1,"4209527873_78419_01"
"Zp7IFzWn",2,4,3,1,"Biased-4","e2.2_2017-08-24",0,1,1,"4209527873_78419_01"
"ZweiHCzi",3,4,3,1,"Biased-4","e2.4_2017-08-21",1,1,1,"4182914741_78419_01"
"0fr0kaXH",2,5,0,1,"Biased-4","e2.2_2017-08-24",0,1,1,"4210169883_78419_01"
"0fr0kaXH",2,5,3,1,"Biased-4","e2.2_2017-08-24",0,1,1,"4210169883_78419_01"
"0fr0kaXH",2,5,2,1,"Biased-4","e2.2_2017-08-24",1,1,1,"4210169883_78419_01"
"0fr0kaXH",2,5,1,1,"Biased-4","e2.2_2017-08-24",0,1,1,"4210169883_78419_01"
"2n8fFNoM",2,5,0,0,"Biased-4","e2.1_2017-09-03",0,1,1,"4205995801_78419_01"
"2n8fFNoM",2,5,2,1,"Biased-4","e2.1_2017-09-03",1,1,1,"4205995801_78419_01"
"2UIMidzg",2,5,0,0,"Biased-4","e2.1_2017-09-03",0,1,1,"4198750331_78419_01"
"2UIMidzg",2,5,1,0,"Biased-4","e2.1_2017-09-03",0,1,1,"4198750331_78419_01"
"2UIMidzg",2,5,2,0,"Biased-4","e2.1_2017-09-03",1,1,1,"4198750331_78419_01"
"2UIMidzg",2,5,3,0,"Biased-4","e2.1_2017-09-03",0,1,1,"4198750331_78419_01"
"2XmZPU4o",2,5,2,1,"Biased-4","e2.2_2017-08-24",1,1,1,"158212_3992_01"
"2XmZPU4o",2,5,0,1,"Biased-4","e2.2_2017-08-24",0,1,1,"158212_3992_01"
"3NPNzJYf",0,5,0,1,"Unbiased-2","e2.6_2017-09-16",1,0,0,"1887154303_78419_01"
"5fZVsRyY",3,5,2,1,"Biased-4","e2.2_2017-08-24",0,1,1,"1666766099_78419_01"
"7DsUVios",1,5,1,1,"Biased-2","e2.3_2017-08-28",1,1,0,"4182928698_78419_01"
"7oVIAWsh",1,5,0,1,"Unbiased-2","e2.6_2017-09-16",0,0,0,"4141879666_78419_01"
"a1b0CU0H",0,5,0,1,"Unbiased-2","e2.6_2017-09-16",1,0,0,"86081497_23694_01"
"a89vyAFL",2,5,2,1,"Biased-4","e2.1_2017-09-03",1,1,1,"86042049_23694_01"
"c12dj6al",0,5,0,1,"Unbiased-2","e2.6_2017-09-16",1,0,0,"4175676577_92326_01"
"CDitEj5Y",1,5,1,1,"Biased-2","e2.3_2017-08-28",1,1,0,"4210176701_78419_01"
"CDitEj5Y",1,5,0,1,"Biased-2","e2.3_2017-08-28",0,1,0,"4210176701_78419_01"
"CMkZT74c",0,5,0,1,"Unbiased-2","e2.6_2017-09-16",1,0,0,"4182968972_78419_01"
"CSIho5fN",2,5,2,1,"Biased-4","e2.1_2017-09-03",1,1,1,"4175653832_92326_01"
"D0irM1wA",1,5,1,1,"Biased-2","e2.3_2017-08-28",1,1,0,"4175654735_92326_01"
"diPOf8ra",2,5,3,1,"Biased-4","e2.2_2017-08-24",0,1,1,"4033152806_78914_01"
"diPOf8ra",2,5,2,1,"Biased-4","e2.2_2017-08-24",1,1,1,"4033152806_78914_01"
"diPOf8ra",2,5,0,1,"Biased-4","e2.2_2017-08-24",0,1,1,"4033152806_78914_01"
"eO5jet6P",0,5,0,1,"Biased-2","e2.3_2017-08-28",1,1,0,"1975424113_78419_01"
"eO5jet6P",0,5,1,1,"Biased-2","e2.3_2017-08-28",0,1,0,"1975424113_78419_01"
"eTQUtKSe",0,5,0,1,"Unbiased-2","e2.6_2017-09-16",1,0,0,"4141881004_78419_01"
"eU62ovxG",1,5,0,0,"Biased-2","e2.3_2017-08-28",0,1,0,"4198698469_78419_01"
"eU62ovxG",1,5,1,0,"Biased-2","e2.3_2017-08-28",1,1,0,"4198698469_78419_01"
"ggsLbDfz",2,5,2,1,"Biased-4","e2.2_2017-08-24",1,1,1,"015419_S01_HH"
"H0kC41XP",0,5,3,0,"Biased-4","e2.1_2017-09-03",0,1,1,"4142214247_78419_01"
"H0kC41XP",0,5,2,0,"Biased-4","e2.1_2017-09-03",0,1,1,"4142214247_78419_01"
"H0kC41XP",0,5,1,0,"Biased-4","e2.1_2017-09-03",0,1,1,"4142214247_78419_01"
"H0kC41XP",0,5,0,1,"Biased-4","e2.1_2017-09-03",1,1,1,"4142214247_78419_01"
"hEsQGRRN",1,5,1,1,"Biased-2","e2.3_2017-08-28",1,1,0,"4224814466_78419_01"
"HQ9XsNlH",1,5,0,0,"Unbiased-2","e2.6_2017-09-16",0,0,0,"4205978713_78419_01"
"IEEr3afx",2,5,0,1,"Biased-4","e2.2_2017-08-24",0,1,1,"4224790013_78419_01"
"IEEr3afx",2,5,2,1,"Biased-4","e2.2_2017-08-24",1,1,1,"4224790013_78419_01"
"IEEr3afx",2,5,3,1,"Biased-4","e2.2_2017-08-24",0,1,1,"4224790013_78419_01"
"JckRZ4Su",1,5,1,1,"Biased-2","e2.3_2017-08-28",1,1,0,"4142231922_78419_01"
"jxy012QP",2,5,2,1,"Biased-4","e2.1_2017-09-03",1,1,1,"4224777765_78419_01"
"kJ508QX4",0,5,0,1,"Biased-4","e2.1_2017-09-03",1,1,1,"147028_3992_01"
"lyGJPNXR",0,5,0,0,"Biased-4","e2.2_2017-08-24",1,1,1,"069388_S02_01"
"lyGJPNXR",0,5,1,0,"Biased-4","e2.2_2017-08-24",0,1,1,"069388_S02_01"
"lyGJPNXR",0,5,2,0,"Biased-4","e2.2_2017-08-24",0,1,1,"069388_S02_01"
"lyGJPNXR",0,5,3,0,"Biased-4","e2.2_2017-08-24",0,1,1,"069388_S02_01"
"NXZbh3Db",3,5,3,1,"Biased-4","e2.2_2017-08-24",1,1,1,"069622_S02_02"
"NXZbh3Db",3,5,2,1,"Biased-4","e2.2_2017-08-24",0,1,1,"069622_S02_02"
"r3AZnOBT",1,5,1,0,"Biased-2","e2.3_2017-08-28",1,1,0,"010914_S01_HH"
"r3AZnOBT",1,5,0,0,"Biased-2","e2.3_2017-08-28",0,1,0,"010914_S01_HH"
"rCOFf22U",2,5,3,1,"Biased-4","e2.2_2017-08-24",0,1,1,"4174330538_78419_01"
"rCOFf22U",2,5,2,1,"Biased-4","e2.2_2017-08-24",1,1,1,"4174330538_78419_01"
"rCOFf22U",2,5,1,1,"Biased-4","e2.2_2017-08-24",0,1,1,"4174330538_78419_01"
"RXIiD3rP",2,5,2,1,"Biased-4","e2.2_2017-08-24",1,1,1,"062838_S02_01"
"STfPvxel",1,5,1,1,"Biased-2","e2.3_2017-08-28",1,1,0,"4083379780_5107_01"
"Sx3WY8DF",0,5,0,0,"Biased-4","e2.1_2017-09-03",1,1,1,"4142236580_78419_01"
"Sx3WY8DF",0,5,1,0,"Biased-4","e2.1_2017-09-03",0,1,1,"4142236580_78419_01"
"Sx3WY8DF",0,5,2,0,"Biased-4","e2.1_2017-09-03",0,1,1,"4142236580_78419_01"
"Sx3WY8DF",0,5,3,0,"Biased-4","e2.1_2017-09-03",0,1,1,"4142236580_78419_01"
"tEB5uO21",0,5,1,0,"Biased-2","e2.3_2017-08-28",0,1,0,"4193052637_78419_01"
"tEB5uO21",0,5,0,0,"Biased-2","e2.3_2017-08-28",1,1,0,"4193052637_78419_01"
"U8hihsFv",2,5,0,1,"Biased-4","e2.1_2017-09-03",0,1,1,"4198726251_78419_01"
"U8hihsFv",2,5,2,1,"Biased-4","e2.1_2017-09-03",1,1,1,"4198726251_78419_01"
"U8hihsFv",2,5,1,1,"Biased-4","e2.1_2017-09-03",0,1,1,"4198726251_78419_01"
"uiAFosTU",2,5,0,0,"Biased-4","e2.1_2017-09-03",0,1,1,"4224810545_78419_01"
"uiAFosTU",2,5,1,0,"Biased-4","e2.1_2017-09-03",0,1,1,"4224810545_78419_01"
"uiAFosTU",2,5,2,0,"Biased-4","e2.1_2017-09-03",1,1,1,"4224810545_78419_01"
"uiAFosTU",2,5,3,0,"Biased-4","e2.1_2017-09-03",0,1,1,"4224810545_78419_01"
"UvZf1gPO",3,5,0,0,"Biased-4","e2.2_2017-08-24",0,1,1,"4224772930_78419_01"
"UvZf1gPO",3,5,1,0,"Biased-4","e2.2_2017-08-24",0,1,1,"4224772930_78419_01"
"UvZf1gPO",3,5,2,0,"Biased-4","e2.2_2017-08-24",0,1,1,"4224772930_78419_01"
"UvZf1gPO",3,5,3,0,"Biased-4","e2.2_2017-08-24",1,1,1,"4224772930_78419_01"
"VG1N0gwz",0,5,0,1,"Biased-2","e2.3_2017-08-28",1,1,0,"4210176637_78419_01"
"VHwMul8t",2,5,1,1,"Biased-4","e2.1_2017-09-03",0,1,1,"1917465972_78419_01"
"VHwMul8t",2,5,0,1,"Biased-4","e2.1_2017-09-03",0,1,1,"1917465972_78419_01"
"VHwMul8t",2,5,2,1,"Biased-4","e2.1_2017-09-03",1,1,1,"1917465972_78419_01"
"w2NyOm6v",3,5,0,1,"Biased-4","e2.1_2017-09-03",0,1,1,"4222270010_78419_01"
"wKBuViKl",1,5,2,1,"Biased-4","e2.2_2017-08-24",0,1,1,"4128108027_78419_01"
"WshDL9Y8",0,5,1,1,"Biased-2","e2.3_2017-08-28",0,1,0,"4205995222_78419_01"
"WshDL9Y8",0,5,0,1,"Biased-2","e2.3_2017-08-28",1,1,0,"4205995222_78419_01"
"wTEFmE3O",1,5,0,1,"Biased-4","e2.1_2017-09-03",0,1,1,"165723_3992_02"
"wTEFmE3O",1,5,2,1,"Biased-4","e2.1_2017-09-03",0,1,1,"165723_3992_02"
"wTEFmE3O",1,5,1,1,"Biased-4","e2.1_2017-09-03",1,1,1,"165723_3992_02"
"WWu7Huzj",0,5,0,0,"Unbiased-2","e2.6_2017-09-16",1,0,0,"142674_3992_02"
"WWu7Huzj",0,5,1,1,"Unbiased-2","e2.6_2017-09-16",0,0,0,"142674_3992_02"
"wZT18Vvb",2,5,2,1,"Biased-4","e2.1_2017-09-03",1,1,1,"4182914445_78419_01"
"XCnmdDUg",1,5,2,0,"Biased-4","e2.2_2017-08-24",0,1,1,"4222256011_78419_01"
"XCnmdDUg",1,5,0,1,"Biased-4","e2.2_2017-08-24",0,1,1,"4222256011_78419_01"
"xqyUXbmR",1,5,1,1,"Biased-2","e2.3_2017-08-28",1,1,0,"1796202230_78419_01"
"Xu1iETkg",0,5,0,1,"Unbiased-2","e2.6_2017-09-16",1,0,0,"4198746872_78419_01"
"Xu1iETkg",0,5,1,1,"Unbiased-2","e2.6_2017-09-16",0,0,0,"4198746872_78419_01"
"XUr96Ljm",1,5,2,1,"Biased-4","e2.2_2017-08-24",0,1,1,"750812_S02_01"
"XUr96Ljm",1,5,3,1,"Biased-4","e2.2_2017-08-24",0,1,1,"750812_S02_01"
"YJLgFM05",1,5,1,1,"Biased-2","e2.3_2017-08-28",1,1,0,"4098578922_78419_01"
"YJLgFM05",1,5,0,1,"Biased-2","e2.3_2017-08-28",0,1,0,"4098578922_78419_01"
"z1B8b3UP",1,5,0,0,"Biased-4","e2.1_2017-09-03",0,1,1,"1976098278_78419_01"
"z1B8b3UP",1,5,1,0,"Biased-4","e2.1_2017-09-03",1,1,1,"1976098278_78419_01"
"z1B8b3UP",1,5,2,0,"Biased-4","e2.1_2017-09-03",0,1,1,"1976098278_78419_01"
"z1B8b3UP",1,5,3,0,"Biased-4","e2.1_2017-09-03",0,1,1,"1976098278_78419_01"
"ZGeHPGql",1,5,1,1,"Biased-2","e2.3_2017-08-28",1,1,0,"4098579819_78419_01"
"Zp7IFzWn",2,5,2,1,"Biased-4","e2.2_2017-08-24",1,1,1,"4209527873_78419_01"
"0fr0kaXH",2,6,2,1,"Biased-4","e2.2_2017-08-24",1,1,1,"4210169883_78419_01"
"2CR6vFVs",0,6,1,1,"Unbiased-2","e2.6_2017-09-21",0,0,0,"4210186321_78419_01"
"2CR6vFVs",0,6,0,1,"Unbiased-2","e2.6_2017-09-21",1,0,0,"4210186321_78419_01"
"2XmZPU4o",2,6,2,1,"Biased-4","e2.2_2017-08-24",1,1,1,"158212_3992_01"
"3AYzSo0a",0,6,1,1,"Unbiased-2","e2.6_2017-09-21",0,0,0,"4176631747_78419_01"
"3AYzSo0a",0,6,0,1,"Unbiased-2","e2.6_2017-09-21",1,0,0,"4176631747_78419_01"
"3ClMwfdr",0,6,0,0,"Biased-2","e2.4_2017-09-01",1,1,0,"036403_S01_01"
"3ClMwfdr",0,6,1,0,"Biased-2","e2.4_2017-09-01",0,1,0,"036403_S01_01"
"5fZVsRyY",3,6,1,1,"Biased-4","e2.2_2017-08-24",0,1,1,"1666766099_78419_01"
"66fX2Bg0",0,6,0,1,"Biased-2","e2.4_2017-08-31",1,1,0,"4222263686_78419_01"
"6eq39r0t",0,6,0,1,"Biased-2","e2.4_2017-08-31",1,1,0,"1590401214_78419_01"
"7DsUVios",1,6,1,1,"Biased-2","e2.3_2017-08-28",1,1,0,"4182928698_78419_01"
"7DsUVios",1,6,0,1,"Biased-2","e2.3_2017-08-28",0,1,0,"4182928698_78419_01"
"8IV3mrD4",2,6,0,1,"Biased-4","e2.1_2017-08-23",0,1,1,"4141907227_78419_01"
"8IV3mrD4",2,6,2,1,"Biased-4","e2.1_2017-08-23",1,1,1,"4141907227_78419_01"
"8QvFHvPV",1,6,1,1,"Biased-4","e2.1_2017-08-23",1,1,1,"1746281748_78419_01"
"8SAdCbGE",1,6,1,1,"Biased-2","e2.4_2017-09-01",1,1,0,"4182992005_78419_01"
"8SAdCbGE",1,6,0,1,"Biased-2","e2.4_2017-09-01",0,1,0,"4182992005_78419_01"
"a9wxWHuc",1,6,2,1,"Biased-4","e2.1_2017-08-23",0,1,1,"4128112508_78419_01"
"a9wxWHuc",1,6,1,1,"Biased-4","e2.1_2017-08-23",1,1,1,"4128112508_78419_01"
"aZ7ejSR5",0,6,0,0,"Biased-2","e2.4_2017-09-01",1,1,0,"4083284137_78914_01"
"aZ7ejSR5",0,6,1,0,"Biased-2","e2.4_2017-09-01",0,1,0,"4083284137_78914_01"
"CDitEj5Y",1,6,1,1,"Biased-2","e2.3_2017-08-28",1,1,0,"4210176701_78419_01"
"CDitEj5Y",1,6,0,1,"Biased-2","e2.3_2017-08-28",0,1,0,"4210176701_78419_01"
"cfHDQFaB",0,6,2,1,"Biased-4","e2.1_2017-08-23",0,1,1,"4209514620_78419_01"
"cfHDQFaB",0,6,0,1,"Biased-4","e2.1_2017-08-23",1,1,1,"4209514620_78419_01"
"cSQt54dS",0,6,0,1,"Biased-2","e2.4_2017-08-31",1,1,0,"1724172254_78419_01"
"D0irM1wA",1,6,1,1,"Biased-2","e2.3_2017-08-28",1,1,0,"4175654735_92326_01"
"diPOf8ra",2,6,2,1,"Biased-4","e2.2_2017-08-24",1,1,1,"4033152806_78914_01"
"diPOf8ra",2,6,0,1,"Biased-4","e2.2_2017-08-24",0,1,1,"4033152806_78914_01"
"Du9Kh9Zi",0,6,1,0,"Biased-2","e2.4_2017-09-01",0,1,0,"010477_S01_HH"
"Du9Kh9Zi",0,6,0,1,"Biased-2","e2.4_2017-09-01",1,1,0,"010477_S01_HH"
"eO5jet6P",1,6,0,1,"Biased-2","e2.3_2017-08-28",0,1,0,"1975424113_78419_01"
"eO5jet6P",1,6,1,1,"Biased-2","e2.3_2017-08-28",1,1,0,"1975424113_78419_01"
"EovwaTW8",2,6,0,1,"Biased-4","e2.1_2017-08-23",0,1,1,"1696767687_78419_01"
"EovwaTW8",2,6,2,1,"Biased-4","e2.1_2017-08-23",1,1,1,"1696767687_78419_01"
"EovwaTW8",2,6,1,1,"Biased-4","e2.1_2017-08-23",0,1,1,"1696767687_78419_01"
"eU62ovxG",0,6,0,0,"Biased-2","e2.3_2017-08-28",1,1,0,"4198698469_78419_01"
"eU62ovxG",0,6,1,0,"Biased-2","e2.3_2017-08-28",0,1,0,"4198698469_78419_01"
"eZr5Bmd3",2,6,2,1,"Biased-4","e2.1_2017-08-23",1,1,1,"4175653989_92326_01"
"ggsLbDfz",2,6,2,1,"Biased-4","e2.2_2017-08-24",1,1,1,"015419_S01_HH"
"ggsLbDfz",2,6,0,1,"Biased-4","e2.2_2017-08-24",0,1,1,"015419_S01_HH"
"hBbqBxNW",0,6,0,1,"Biased-2","e2.4_2017-09-01",1,1,0,"4222262517_78419_01"
"hEsQGRRN",1,6,0,1,"Biased-2","e2.3_2017-08-28",0,1,0,"4224814466_78419_01"
"hEsQGRRN",1,6,1,1,"Biased-2","e2.3_2017-08-28",1,1,0,"4224814466_78419_01"
"IEEr3afx",1,6,1,1,"Biased-4","e2.2_2017-08-24",1,1,1,"4224790013_78419_01"
"IEEr3afx",1,6,3,1,"Biased-4","e2.2_2017-08-24",0,1,1,"4224790013_78419_01"
"IEEr3afx",1,6,0,1,"Biased-4","e2.2_2017-08-24",0,1,1,"4224790013_78419_01"
"JckRZ4Su",1,6,1,1,"Biased-2","e2.3_2017-08-28",1,1,0,"4142231922_78419_01"
"JkDj57W3",1,6,1,1,"Biased-2","e2.4_2017-09-01",1,1,0,"035315_S01_HH"
"JkDj57W3",1,6,0,1,"Biased-2","e2.4_2017-09-01",0,1,0,"035315_S01_HH"
"jpnPuVCM",0,6,0,0,"Unbiased-2","e2.6_2017-09-21",1,0,0,"4193034472_78419_01"
"Kwi2XJew",0,6,0,1,"Biased-2","e2.4_2017-08-31",1,1,0,"1701598304_78419_01"
"lyGJPNXR",1,6,1,0,"Biased-4","e2.2_2017-08-24",1,1,1,"069388_S02_01"
"lyGJPNXR",1,6,2,0,"Biased-4","e2.2_2017-08-24",0,1,1,"069388_S02_01"
"lyGJPNXR",1,6,3,0,"Biased-4","e2.2_2017-08-24",0,1,1,"069388_S02_01"
"lyGJPNXR",1,6,0,0,"Biased-4","e2.2_2017-08-24",0,1,1,"069388_S02_01"
"MyTwrheb",0,6,0,1,"Biased-2","e2.4_2017-08-31",1,1,0,"044749_S02_01"
"nAG0uwdt",2,6,2,0,"Biased-4","e2.1_2017-08-23",1,1,1,"4141905748_78419_01"
"nVLWjcHt",1,6,0,1,"Biased-2","e2.4_2017-09-01",0,1,0,"4083364355_5107_01"
"nVLWjcHt",1,6,1,1,"Biased-2","e2.4_2017-09-01",1,1,0,"4083364355_5107_01"
"NXZbh3Db",3,6,0,1,"Biased-4","e2.2_2017-08-24",0,1,1,"069622_S02_02"
"O80GJs4W",0,6,0,1,"Biased-4","e2.1_2017-08-23",1,1,1,"142804_3992_02"
"O9d6fpD7",1,6,1,1,"Biased-4","e2.1_2017-08-23",1,1,1,"1696776375_78419_01"
"O9d6fpD7",1,6,2,1,"Biased-4","e2.1_2017-08-23",0,1,1,"1696776375_78419_01"
"OGBTpuSV",1,6,1,1,"Biased-2","e2.4_2017-09-01",1,1,0,"4210176607_78419_01"
"OS83QMIt",1,6,0,1,"Biased-2","e2.4_2017-09-01",0,1,0,"4206005848_78419_01"
"OS83QMIt",1,6,1,1,"Biased-2","e2.4_2017-09-01",1,1,0,"4206005848_78419_01"
"QXNE4Fr9",0,6,0,1,"Unbiased-2","e2.6_2017-09-21",1,0,0,"4148866744_78419_01"
"r3AZnOBT",0,6,0,0,"Biased-2","e2.3_2017-08-28",1,1,0,"010914_S01_HH"
"r3AZnOBT",0,6,1,0,"Biased-2","e2.3_2017-08-28",0,1,0,"010914_S01_HH"
"RtheYJJO",2,6,2,1,"Biased-4","e2.1_2017-08-23",1,1,1,"4209518345_78419_01"
"STfPvxel",1,6,0,0,"Biased-2","e2.3_2017-08-28",0,1,0,"4083379780_5107_01"
"STfPvxel",1,6,1,1,"Biased-2","e2.3_2017-08-28",1,1,0,"4083379780_5107_01"
"tEB5uO21",1,6,0,0,"Biased-2","e2.3_2017-08-28",0,1,0,"4193052637_78419_01"
"tEB5uO21",1,6,1,0,"Biased-2","e2.3_2017-08-28",1,1,0,"4193052637_78419_01"
"TgojOpBZ",0,6,0,1,"Biased-2","e2.4_2017-08-31",1,1,0,"4142235125_78419_01"
"tjR3yjYL",0,6,0,1,"Unbiased-2","e2.6_2017-09-21",1,0,0,"4224783116_78419_01"
"tYZNQzXp",0,6,1,1,"Biased-2","e2.4_2017-09-01",0,1,0,"4224790003_78419_01"
"tYZNQzXp",0,6,0,1,"Biased-2","e2.4_2017-09-01",1,1,0,"4224790003_78419_01"
"tZOOpAfU",0,6,1,0,"Biased-2","e2.4_2017-09-01",0,1,0,"4222258464_78419_01"
"tZOOpAfU",0,6,0,1,"Biased-2","e2.4_2017-09-01",1,1,0,"4222258464_78419_01"
"u9vmNG2y",1,6,0,0,"Biased-2","e2.4_2017-09-01",0,1,0,"122161_3992_01"
"u9vmNG2y",1,6,1,0,"Biased-2","e2.4_2017-09-01",1,1,0,"122161_3992_01"
"uDoUOiDS",1,6,0,0,"Biased-2","e2.4_2017-09-01",0,1,0,"4194570502_78419_01"
"uDoUOiDS",1,6,1,1,"Biased-2","e2.4_2017-09-01",1,1,0,"4194570502_78419_01"
"UvZf1gPO",0,6,0,0,"Biased-4","e2.2_2017-08-24",1,1,1,"4224772930_78419_01"
"UvZf1gPO",0,6,1,0,"Biased-4","e2.2_2017-08-24",0,1,1,"4224772930_78419_01"
"UvZf1gPO",0,6,2,0,"Biased-4","e2.2_2017-08-24",0,1,1,"4224772930_78419_01"
"UvZf1gPO",0,6,3,0,"Biased-4","e2.2_2017-08-24",0,1,1,"4224772930_78419_01"
"VG1N0gwz",0,6,0,1,"Biased-2","e2.3_2017-08-28",1,1,0,"4210176637_78419_01"
"VTOvAf0i",2,6,0,0,"Biased-4","e2.1_2017-08-23",0,1,1,"4205996497_78419_01"
"VTOvAf0i",2,6,1,0,"Biased-4","e2.1_2017-08-23",0,1,1,"4205996497_78419_01"
"VTOvAf0i",2,6,2,0,"Biased-4","e2.1_2017-08-23",1,1,1,"4205996497_78419_01"
"VTOvAf0i",2,6,3,0,"Biased-4","e2.1_2017-08-23",0,1,1,"4205996497_78419_01"
"Wd5JCBnA",1,6,0,1,"Unbiased-2","e2.6_2017-09-21",0,0,0,"4222259624_78419_01"
"wKBuViKl",1,6,1,1,"Biased-4","e2.2_2017-08-24",1,1,1,"4128108027_78419_01"
"WshDL9Y8",0,6,0,1,"Biased-2","e2.3_2017-08-28",1,1,0,"4205995222_78419_01"
"x0Q2cCRq",1,6,1,1,"Biased-4","e2.2_2017-08-24",1,1,1,"4224776226_78419_01"
"x7QzBBkz",0,6,0,1,"Unbiased-2","e2.6_2017-09-21",1,0,0,"4009917197_78914_01"
"xA3rMUGc",0,6,0,1,"Biased-2","e2.4_2017-08-31",1,1,0,"4224782522_78419_01"
"XCnmdDUg",1,6,2,1,"Biased-4","e2.2_2017-08-24",0,1,1,"4222256011_78419_01"
"XCnmdDUg",1,6,1,1,"Biased-4","e2.2_2017-08-24",1,1,1,"4222256011_78419_01"
"xqyUXbmR",1,6,1,1,"Biased-2","e2.3_2017-08-28",1,1,0,"1796202230_78419_01"
"xqyUXbmR",1,6,0,1,"Biased-2","e2.3_2017-08-28",0,1,0,"1796202230_78419_01"
"XUr96Ljm",2,6,2,1,"Biased-4","e2.2_2017-08-24",1,1,1,"750812_S02_01"
"XUr96Ljm",2,6,1,1,"Biased-4","e2.2_2017-08-24",0,1,1,"750812_S02_01"
"XUr96Ljm",2,6,0,0,"Biased-4","e2.2_2017-08-24",0,1,1,"750812_S02_01"
"YJLgFM05",1,6,1,1,"Biased-2","e2.3_2017-08-28",1,1,0,"4098578922_78419_01"
"YJLgFM05",1,6,0,1,"Biased-2","e2.3_2017-08-28",0,1,0,"4098578922_78419_01"
"zcXK7TjS",0,6,0,1,"Unbiased-2","e2.6_2017-09-21",1,0,0,"121991_3992_01"
"ZGeHPGql",1,6,1,1,"Biased-2","e2.3_2017-08-28",1,1,0,"4098579819_78419_01"
"Zp7IFzWn",2,6,2,1,"Biased-4","e2.2_2017-08-24",1,1,1,"4209527873_78419_01"
"ZXp0Nf1O",1,6,0,0,"Biased-2","e2.4_2017-09-01",0,1,0,"4222265576_78419_01"
"ZXp0Nf1O",1,6,1,1,"Biased-2","e2.4_2017-09-01",1,1,0,"4222265576_78419_01"
"0Fsj77FY",0,7,1,1,"Biased-4","e2.1_2017-08-24",0,1,1,"029738_S01_HH"
"3x8dNpDD",1,7,3,1,"Biased-4","e2.1_2017-08-24",0,1,1,"4142223226_78419_01"
"3x8dNpDD",1,7,0,1,"Biased-4","e2.1_2017-08-24",0,1,1,"4142223226_78419_01"
"3x8dNpDD",1,7,1,1,"Biased-4","e2.1_2017-08-24",1,1,1,"4142223226_78419_01"
"3x8dNpDD",1,7,2,1,"Biased-4","e2.1_2017-08-24",0,1,1,"4142223226_78419_01"
"49Jqer6s",3,7,3,1,"Biased-4","e2.1_2017-08-24",1,1,1,"004346_S01_HH"
"49Jqer6s",3,7,1,1,"Biased-4","e2.1_2017-08-24",0,1,1,"004346_S01_HH"
"7SiuC6aO",1,7,3,1,"Biased-4","e2.1_2017-08-24",0,1,1,"4128106335_78419_01"
"7SiuC6aO",1,7,0,1,"Biased-4","e2.1_2017-08-24",0,1,1,"4128106335_78419_01"
"7SiuC6aO",1,7,2,1,"Biased-4","e2.1_2017-08-24",0,1,1,"4128106335_78419_01"
"7SiuC6aO",1,7,1,1,"Biased-4","e2.1_2017-08-24",1,1,1,"4128106335_78419_01"
"Aosqpm7K",1,7,0,0,"Biased-4","e2.1_2017-08-24",0,1,1,"4198745311_78419_01"
"Aosqpm7K",1,7,1,0,"Biased-4","e2.1_2017-08-24",1,1,1,"4198745311_78419_01"
"Aosqpm7K",1,7,2,0,"Biased-4","e2.1_2017-08-24",0,1,1,"4198745311_78419_01"
"Aosqpm7K",1,7,3,0,"Biased-4","e2.1_2017-08-24",0,1,1,"4198745311_78419_01"
"b3pCCPJi",0,7,1,1,"Unbiased-2","e2.6_2017-09-09",0,0,0,"4142196852_78419_01"
"b3pCCPJi",0,7,0,1,"Unbiased-2","e2.6_2017-09-09",1,0,0,"4142196852_78419_01"
"c2a1ApB4",2,7,1,1,"Biased-4","e2.1_2017-08-24",0,1,1,"4210171182_78419_01"
"c2a1ApB4",2,7,2,1,"Biased-4","e2.1_2017-08-24",1,1,1,"4210171182_78419_01"
"cW3Xrh7y",2,7,0,1,"Biased-4","e2.1_2017-08-24",0,1,1,"4182959840_78419_01"
"cW3Xrh7y",2,7,2,1,"Biased-4","e2.1_2017-08-24",1,1,1,"4182959840_78419_01"
"cW3Xrh7y",2,7,3,1,"Biased-4","e2.1_2017-08-24",0,1,1,"4182959840_78419_01"
"dbeyNtbX",1,7,1,1,"Unbiased-2","e2.6_2017-09-09",1,0,0,"087915_S02_02"
"DJWdsL8d",2,7,2,1,"Biased-4","e2.1_2017-08-24",1,1,1,"072544_S02_01"
"dKSCJBQ8",2,7,1,1,"Biased-4","e2.1_2017-08-24",0,1,1,"4141908521_78419_01"
"dKSCJBQ8",2,7,3,1,"Biased-4","e2.1_2017-08-24",0,1,1,"4141908521_78419_01"
"dKSCJBQ8",2,7,2,1,"Biased-4","e2.1_2017-08-24",1,1,1,"4141908521_78419_01"
"dYfzbDKZ",2,7,2,1,"Biased-4","e2.1_2017-08-24",1,1,1,"4098583988_78419_01"
"EALWRNpD",1,7,1,1,"Unbiased-2","e2.6_2017-09-09",1,0,0,"4224774488_78419_01"
"EALWRNpD",1,7,0,1,"Unbiased-2","e2.6_2017-09-09",0,0,0,"4224774488_78419_01"
"EZ86FtBN",0,7,3,1,"Biased-4","e2.1_2017-08-24",0,1,1,"4222260107_78419_01"
"EZ86FtBN",0,7,2,0,"Biased-4","e2.1_2017-08-24",0,1,1,"4222260107_78419_01"
"EZ86FtBN",0,7,0,1,"Biased-4","e2.1_2017-08-24",1,1,1,"4222260107_78419_01"
"EZ86FtBN",0,7,1,1,"Biased-4","e2.1_2017-08-24",0,1,1,"4222260107_78419_01"
"f7cmoZxN",1,7,0,1,"Unbiased-2","e2.6_2017-09-09",0,0,0,"145708_3992_01"
"f7cmoZxN",1,7,1,1,"Unbiased-2","e2.6_2017-09-09",1,0,0,"145708_3992_01"
"Gvw2kAUr",3,7,2,1,"Biased-4","e2.1_2017-08-24",0,1,1,"006297_S01_HH"
"Gvw2kAUr",3,7,1,1,"Biased-4","e2.1_2017-08-24",0,1,1,"006297_S01_HH"
"Gvw2kAUr",3,7,0,0,"Biased-4","e2.1_2017-08-24",0,1,1,"006297_S01_HH"
"Gvw2kAUr",3,7,3,1,"Biased-4","e2.1_2017-08-24",1,1,1,"006297_S01_HH"
"HgL5wQXl",0,7,1,1,"Unbiased-2","e2.6_2017-09-09",0,0,0,"4198723823_78419_01"
"jLzegXH6",1,7,0,0,"Unbiased-2","e2.6_2017-09-09",0,0,0,"4210178541_78419_01"
"jLzegXH6",1,7,1,1,"Unbiased-2","e2.6_2017-09-09",1,0,0,"4210178541_78419_01"
"JnID4Q2o",0,7,0,1,"Unbiased-2","e2.6_2017-09-09",1,0,0,"4183009964_78419_01"
"JnID4Q2o",0,7,1,1,"Unbiased-2","e2.6_2017-09-09",0,0,0,"4183009964_78419_01"
"nQ9GHNJp",1,7,1,1,"Unbiased-2","e2.6_2017-09-09",1,0,0,"4148901480_78419_01"
"nQ9GHNJp",1,7,0,1,"Unbiased-2","e2.6_2017-09-09",0,0,0,"4148901480_78419_01"
"OTER4w1T",2,7,1,1,"Biased-4","e2.1_2017-08-24",0,1,1,"1743838971_78419_01"
"OTER4w1T",2,7,2,1,"Biased-4","e2.1_2017-08-24",1,1,1,"1743838971_78419_01"
"QShMToNs",0,7,0,1,"Unbiased-2","e2.6_2017-09-09",1,0,0,"4141908830_78419_01"
"QShMToNs",0,7,1,1,"Unbiased-2","e2.6_2017-09-09",0,0,0,"4141908830_78419_01"
"RNTqSbN2",1,7,0,1,"Unbiased-2","e2.6_2017-09-09",0,0,0,"1834436193_78419_01"
"s38hPaM8",0,7,0,1,"Biased-4","e2.1_2017-08-24",1,1,1,"4198738768_78419_01"
"tiUegpsp",1,7,1,1,"Unbiased-2","e2.6_2017-09-09",1,0,0,"4174335565_78419_01"
"tiUegpsp",1,7,0,1,"Unbiased-2","e2.6_2017-09-09",0,0,0,"4174335565_78419_01"
"tqPAyJE4",1,7,0,1,"Unbiased-2","e2.6_2017-09-09",0,0,0,"4224780943_78419_01"
"tqPAyJE4",1,7,1,1,"Unbiased-2","e2.6_2017-09-09",1,0,0,"4224780943_78419_01"
"vC6lyVef",2,7,1,1,"Biased-4","e2.1_2017-08-24",0,1,1,"4224793545_78419_01"
"vC6lyVef",2,7,2,1,"Biased-4","e2.1_2017-08-24",1,1,1,"4224793545_78419_01"
"wU4n9hI1",1,7,0,0,"Unbiased-2","e2.6_2017-09-09",0,0,0,"4198699806_78419_01"
"wU4n9hI1",1,7,1,1,"Unbiased-2","e2.6_2017-09-09",1,0,0,"4198699806_78419_01"
"XY8hOWgz",0,7,1,1,"Unbiased-2","e2.6_2017-09-09",0,0,0,"4198748387_78419_01"
"yS7k437O",2,7,0,1,"Biased-4","e2.1_2017-08-24",0,1,1,"4224776793_78419_01"
"yS7k437O",2,7,1,1,"Biased-4","e2.1_2017-08-24",0,1,1,"4224776793_78419_01"
"yZ3sYU1c",2,7,1,1,"Biased-4","e2.1_2017-08-24",0,1,1,"4083368292_5107_01"
"ZWXXtavu",1,7,1,1,"Unbiased-2","e2.6_2017-09-09",1,0,0,"1776799322_78419_01"
"0Fsj77FY",2,8,2,1,"Biased-4","e2.1_2017-08-24",1,1,1,"029738_S01_HH"
"0hhJBCnW",1,8,0,1,"Unbiased-4","e2.5_2017-09-07",0,0,1,"165752_3992_01"
"0hhJBCnW",1,8,1,1,"Unbiased-4","e2.5_2017-09-07",1,0,1,"165752_3992_01"
"0hhJBCnW",1,8,3,1,"Unbiased-4","e2.5_2017-09-07",0,0,1,"165752_3992_01"
"1dSNXUdN",1,8,0,0,"Biased-4","e2.4_2017-08-21",0,1,1,"4173097852_78419_01"
"1NYc3ypZ",1,8,3,1,"Unbiased-4","e2.5_2017-09-07",0,0,1,"089635_S02_02"
"1NYc3ypZ",1,8,1,1,"Unbiased-4","e2.5_2017-09-07",1,0,1,"089635_S02_02"
"3j95iGEm",2,8,0,1,"Biased-4","e2.1_2017-08-28",0,1,1,"4224776595_78419_01"
"44b4OLuC",1,8,1,1,"Unbiased-4","e2.5_2017-09-07",1,0,1,"4198747815_78419_01"
"44b4OLuC",1,8,2,1,"Unbiased-4","e2.5_2017-09-07",0,0,1,"4198747815_78419_01"
"44b4OLuC",1,8,0,1,"Unbiased-4","e2.5_2017-09-07",0,0,1,"4198747815_78419_01"
"44b4OLuC",1,8,3,1,"Unbiased-4","e2.5_2017-09-07",0,0,1,"4198747815_78419_01"
"49Jqer6s",2,8,2,1,"Biased-4","e2.1_2017-08-24",1,1,1,"004346_S01_HH"
"49Jqer6s",2,8,0,1,"Biased-4","e2.1_2017-08-24",0,1,1,"004346_S01_HH"
"4LxH222e",2,8,0,1,"Biased-4","e2.1_2017-08-28",0,1,1,"057143_S02_02"
"4LxH222e",2,8,2,1,"Biased-4","e2.1_2017-08-28",1,1,1,"057143_S02_02"
"4nSFdQzt",2,8,0,0,"Unbiased-4","e2.5_2017-09-07",0,0,1,"4142236355_78419_01"
"4nSFdQzt",2,8,3,0,"Unbiased-4","e2.5_2017-09-07",0,0,1,"4142236355_78419_01"
"4nSFdQzt",2,8,1,0,"Unbiased-4","e2.5_2017-09-07",0,0,1,"4142236355_78419_01"
"4rAYLpiK",2,8,2,1,"Biased-4","e2.1_2017-08-28",1,1,1,"4182991699_78419_01"
"5opbRaZs",2,8,2,1,"Biased-4","e2.1_2017-08-28",1,1,1,"4210180698_78419_01"
"7JLSGlin",2,8,0,0,"Unbiased-4","e2.5_2017-09-07",0,0,1,"082300_S02_01"
"7JLSGlin",2,8,1,0,"Unbiased-4","e2.5_2017-09-07",0,0,1,"082300_S02_01"
"7JLSGlin",2,8,2,0,"Unbiased-4","e2.5_2017-09-07",1,0,1,"082300_S02_01"
"7JLSGlin",2,8,3,0,"Unbiased-4","e2.5_2017-09-07",0,0,1,"082300_S02_01"
"9TJO1tjc",2,8,2,1,"Biased-4","e2.4_2017-08-21",1,1,1,"4182993715_78419_01"
"9TJO1tjc",2,8,0,1,"Biased-4","e2.4_2017-08-21",0,1,1,"4182993715_78419_01"
"Aosqpm7K",2,8,0,0,"Biased-4","e2.1_2017-08-24",0,1,1,"4198745311_78419_01"
"Aosqpm7K",2,8,1,0,"Biased-4","e2.1_2017-08-24",0,1,1,"4198745311_78419_01"
"Aosqpm7K",2,8,2,0,"Biased-4","e2.1_2017-08-24",1,1,1,"4198745311_78419_01"
"Aosqpm7K",2,8,3,0,"Biased-4","e2.1_2017-08-24",0,1,1,"4198745311_78419_01"
"B8nQCJnk",0,8,0,0,"Biased-4","e2.4_2017-08-21",1,1,1,"4222264061_78419_01"
"B8nQCJnk",0,8,1,0,"Biased-4","e2.4_2017-08-21",0,1,1,"4222264061_78419_01"
"B8nQCJnk",0,8,3,0,"Biased-4","e2.4_2017-08-21",0,1,1,"4222264061_78419_01"
"B8nQCJnk",0,8,2,0,"Biased-4","e2.4_2017-08-21",0,1,1,"4222264061_78419_01"
"BTfBuNtB",3,8,2,1,"Biased-4","e2.1_2017-09-01",0,1,1,"4069202132_78914_01"
"c2a1ApB4",2,8,2,1,"Biased-4","e2.1_2017-08-24",1,1,1,"4210171182_78419_01"
"c2a1ApB4",2,8,0,1,"Biased-4","e2.1_2017-08-24",0,1,1,"4210171182_78419_01"
"cW3Xrh7y",2,8,0,1,"Biased-4","e2.1_2017-08-24",0,1,1,"4182959840_78419_01"
"cW3Xrh7y",2,8,2,1,"Biased-4","e2.1_2017-08-24",1,1,1,"4182959840_78419_01"
"CY6DEsRy",3,8,2,1,"Biased-4","e2.4_2017-08-21",0,1,1,"157970_3992_01"
"DJWdsL8d",2,8,2,1,"Biased-4","e2.1_2017-08-24",1,1,1,"072544_S02_01"
"dKSCJBQ8",2,8,2,1,"Biased-4","e2.1_2017-08-24",1,1,1,"4141908521_78419_01"
"dYfzbDKZ",2,8,2,1,"Biased-4","e2.1_2017-08-24",1,1,1,"4098583988_78419_01"
"FQdWWYbL",0,8,2,1,"Biased-4","e2.1_2017-09-01",0,1,1,"86073282_23694_01"
"Gvw2kAUr",3,8,2,1,"Biased-4","e2.1_2017-08-24",0,1,1,"006297_S01_HH"
"jmFnOoKt",0,8,1,1,"Unbiased-4","e2.5_2017-09-07",0,0,1,"4224766527_78419_01"
"jmFnOoKt",0,8,3,1,"Unbiased-4","e2.5_2017-09-07",0,0,1,"4224766527_78419_01"
"jmFnOoKt",0,8,0,1,"Unbiased-4","e2.5_2017-09-07",1,0,1,"4224766527_78419_01"
"kACbxuMS",0,8,3,1,"Unbiased-4","e2.5_2017-09-07",0,0,1,"053633_S02_01"
"kACbxuMS",0,8,2,0,"Unbiased-4","e2.5_2017-09-07",0,0,1,"053633_S02_01"
"kACbxuMS",0,8,1,1,"Unbiased-4","e2.5_2017-09-07",0,0,1,"053633_S02_01"
"kACbxuMS",0,8,0,1,"Unbiased-4","e2.5_2017-09-07",1,0,1,"053633_S02_01"
"kyl98fLI",2,8,1,1,"Biased-4","e2.4_2017-08-21",0,1,1,"4175654125_92326_01"
"kyl98fLI",2,8,2,1,"Biased-4","e2.4_2017-08-21",1,1,1,"4175654125_92326_01"
"LPXST0hC",2,8,2,1,"Biased-4","e2.1_2017-08-28",1,1,1,"4173231362_78419_01"
"m0nnYchF",1,8,2,0,"Unbiased-4","e2.5_2017-09-07",0,0,1,"018297_S01_HH"
"m0nnYchF",1,8,3,0,"Unbiased-4","e2.5_2017-09-07",0,0,1,"018297_S01_HH"
"m0nnYchF",1,8,0,0,"Unbiased-4","e2.5_2017-09-07",0,0,1,"018297_S01_HH"
"m0nnYchF",1,8,1,0,"Unbiased-4","e2.5_2017-09-07",1,0,1,"018297_S01_HH"
"OekAb8Fe",3,8,0,0,"Unbiased-4","e2.5_2017-09-07",0,0,1,"4198725826_78419_01"
"OekAb8Fe",3,8,1,0,"Unbiased-4","e2.5_2017-09-07",0,0,1,"4198725826_78419_01"
"OekAb8Fe",3,8,2,0,"Unbiased-4","e2.5_2017-09-07",0,0,1,"4198725826_78419_01"
"OekAb8Fe",3,8,3,0,"Unbiased-4","e2.5_2017-09-07",1,0,1,"4198725826_78419_01"
"oiQ4Mojb",0,8,2,0,"Biased-4","e2.1_2017-08-28",0,1,1,"4182983867_78419_01"
"oiQ4Mojb",0,8,3,0,"Biased-4","e2.1_2017-08-28",0,1,1,"4182983867_78419_01"
"oiQ4Mojb",0,8,1,0,"Biased-4","e2.1_2017-08-28",0,1,1,"4182983867_78419_01"
"oiQ4Mojb",0,8,0,0,"Biased-4","e2.1_2017-08-28",1,1,1,"4182983867_78419_01"
"OTER4w1T",2,8,2,1,"Biased-4","e2.1_2017-08-24",1,1,1,"1743838971_78419_01"
"oyXJ9Za4",0,8,0,1,"Unbiased-4","e2.5_2017-09-07",1,0,1,"157869_3992_01"
"oyXJ9Za4",0,8,1,0,"Unbiased-4","e2.5_2017-09-07",0,0,1,"157869_3992_01"
"oyXJ9Za4",0,8,3,1,"Unbiased-4","e2.5_2017-09-07",0,0,1,"157869_3992_01"
"PwGBatMI",2,8,3,1,"Biased-4","e2.1_2017-08-28",0,1,1,"097748_3992_01"
"PwGBatMI",2,8,2,1,"Biased-4","e2.1_2017-08-28",1,1,1,"097748_3992_01"
"PwGBatMI",2,8,0,1,"Biased-4","e2.1_2017-08-28",0,1,1,"097748_3992_01"
"qqUGu3kS",1,8,2,1,"Unbiased-4","e2.5_2017-09-07",0,0,1,"4191252363_5107_01"
"qqUGu3kS",1,8,3,1,"Unbiased-4","e2.5_2017-09-07",0,0,1,"4191252363_5107_01"
"QzcB0mkZ",2,8,0,0,"Biased-4","e2.4_2017-08-21",0,1,1,"115208_3992_01"
"QzcB0mkZ",2,8,1,0,"Biased-4","e2.4_2017-08-21",0,1,1,"115208_3992_01"
"QzcB0mkZ",2,8,2,0,"Biased-4","e2.4_2017-08-21",1,1,1,"115208_3992_01"
"QzcB0mkZ",2,8,3,0,"Biased-4","e2.4_2017-08-21",0,1,1,"115208_3992_01"
"rASdAjzN",2,8,2,1,"Biased-4","e2.1_2017-08-28",1,1,1,"4182947893_78419_01"
"rASdAjzN",2,8,0,1,"Biased-4","e2.1_2017-08-28",0,1,1,"4182947893_78419_01"
"REYE9Wvx",1,8,0,1,"Biased-4","e2.4_2017-08-21",0,1,1,"4148885330_78419_01"
"REYE9Wvx",1,8,2,1,"Biased-4","e2.4_2017-08-21",0,1,1,"4148885330_78419_01"
"s38hPaM8",0,8,0,1,"Biased-4","e2.1_2017-08-24",1,1,1,"4198738768_78419_01"
"Sn1EKUkx",2,8,2,1,"Biased-4","e2.4_2017-08-21",1,1,1,"4222255862_78419_01"
"uXJWcSH5",3,8,2,1,"Biased-4","e2.1_2017-08-28",0,1,1,"025702_S01_HH"
"vC6lyVef",2,8,2,1,"Biased-4","e2.1_2017-08-24",1,1,1,"4224793545_78419_01"
"VeNM0aaG",1,8,0,1,"Biased-4","e2.1_2017-08-28",0,1,1,"4224774744_78419_01"
"w6uhkiFK",0,8,1,1,"Unbiased-4","e2.5_2017-09-07",0,0,1,"4210181764_78419_01"
"w6uhkiFK",0,8,0,1,"Unbiased-4","e2.5_2017-09-07",1,0,1,"4210181764_78419_01"
"w6uhkiFK",0,8,3,1,"Unbiased-4","e2.5_2017-09-07",0,0,1,"4210181764_78419_01"
"w6uhkiFK",0,8,2,1,"Unbiased-4","e2.5_2017-09-07",0,0,1,"4210181764_78419_01"
"w8xhRZT0",1,8,2,1,"Biased-4","e2.4_2017-08-21",0,1,1,"4224772520_78419_01"
"w8xhRZT0",1,8,0,1,"Biased-4","e2.4_2017-08-21",0,1,1,"4224772520_78419_01"
"WCJJbu4i",0,8,0,1,"Biased-4","e2.4_2017-08-21",1,1,1,"143967_3992_01"
"WCJJbu4i",0,8,2,1,"Biased-4","e2.4_2017-08-21",0,1,1,"143967_3992_01"
"WdTeyb1v",3,8,3,1,"Unbiased-4","e2.5_2017-09-07",1,0,1,"4191248964_5107_01"
"WdTeyb1v",3,8,0,1,"Unbiased-4","e2.5_2017-09-07",0,0,1,"4191248964_5107_01"
"WdTeyb1v",3,8,2,1,"Unbiased-4","e2.5_2017-09-07",0,0,1,"4191248964_5107_01"
"WdTeyb1v",3,8,1,1,"Unbiased-4","e2.5_2017-09-07",0,0,1,"4191248964_5107_01"
"y7SXKZDi",0,8,0,1,"Biased-4","e2.1_2017-08-28",1,1,1,"81614155_23694_01"
"yS7k437O",0,8,2,1,"Biased-4","e2.1_2017-08-24",0,1,1,"4224776793_78419_01"
"yS7k437O",0,8,0,1,"Biased-4","e2.1_2017-08-24",1,1,1,"4224776793_78419_01"
"yZ3sYU1c",2,8,2,1,"Biased-4","e2.1_2017-08-24",1,1,1,"4083368292_5107_01"
"ZueS6Jwo",2,8,2,1,"Unbiased-4","e2.5_2017-09-07",1,0,1,"4142232998_78419_01"
"ZueS6Jwo",2,8,0,1,"Unbiased-4","e2.5_2017-09-07",0,0,1,"4142232998_78419_01"
"0hhJBCnW",2,9,2,1,"Unbiased-4","e2.5_2017-09-07",1,0,1,"165752_3992_01"
"0hhJBCnW",2,9,0,1,"Unbiased-4","e2.5_2017-09-07",0,0,1,"165752_3992_01"
"1NYc3ypZ",1,9,3,1,"Unbiased-4","e2.5_2017-09-07",0,0,1,"089635_S02_02"
"1NYc3ypZ",1,9,2,1,"Unbiased-4","e2.5_2017-09-07",0,0,1,"089635_S02_02"
"1NYc3ypZ",1,9,0,1,"Unbiased-4","e2.5_2017-09-07",0,0,1,"089635_S02_02"
"3ClMwfdr",1,9,0,0,"Biased-2","e2.4_2017-09-01",0,1,0,"036403_S01_01"
"3ClMwfdr",1,9,1,0,"Biased-2","e2.4_2017-09-01",1,1,0,"036403_S01_01"
"44b4OLuC",1,9,3,1,"Unbiased-4","e2.5_2017-09-07",0,0,1,"4198747815_78419_01"
"44b4OLuC",1,9,2,1,"Unbiased-4","e2.5_2017-09-07",0,0,1,"4198747815_78419_01"
"44b4OLuC",1,9,0,1,"Unbiased-4","e2.5_2017-09-07",0,0,1,"4198747815_78419_01"
"4nSFdQzt",2,9,0,0,"Unbiased-4","e2.5_2017-09-07",0,0,1,"4142236355_78419_01"
"4nSFdQzt",2,9,2,1,"Unbiased-4","e2.5_2017-09-07",1,0,1,"4142236355_78419_01"
"7JLSGlin",3,9,0,0,"Unbiased-4","e2.5_2017-09-07",0,0,1,"082300_S02_01"
"7JLSGlin",3,9,2,0,"Unbiased-4","e2.5_2017-09-07",0,0,1,"082300_S02_01"
"7JLSGlin",3,9,3,0,"Unbiased-4","e2.5_2017-09-07",1,0,1,"082300_S02_01"
"7JLSGlin",3,9,1,0,"Unbiased-4","e2.5_2017-09-07",0,0,1,"082300_S02_01"
"8SAdCbGE",1,9,1,0,"Biased-2","e2.4_2017-09-01",1,1,0,"4182992005_78419_01"
"aZ7ejSR5",1,9,0,0,"Biased-2","e2.4_2017-09-01",0,1,0,"4083284137_78914_01"
"aZ7ejSR5",1,9,1,0,"Biased-2","e2.4_2017-09-01",1,1,0,"4083284137_78914_01"
"dcZXuvm5",3,9,2,1,"Unbiased-4","e2.5_2017-09-07",0,0,1,"4222268922_78419_01"
"dcZXuvm5",3,9,0,0,"Unbiased-4","e2.5_2017-09-07",0,0,1,"4222268922_78419_01"
"Du9Kh9Zi",0,9,0,1,"Biased-2","e2.4_2017-09-01",1,1,0,"010477_S01_HH"
"hBbqBxNW",0,9,1,1,"Biased-2","e2.4_2017-09-01",0,1,0,"4222262517_78419_01"
"hBbqBxNW",0,9,0,1,"Biased-2","e2.4_2017-09-01",1,1,0,"4222262517_78419_01"
"JkDj57W3",1,9,0,1,"Biased-2","e2.4_2017-09-01",0,1,0,"035315_S01_HH"
"JkDj57W3",1,9,1,1,"Biased-2","e2.4_2017-09-01",1,1,0,"035315_S01_HH"
"jmFnOoKt",0,9,3,1,"Unbiased-4","e2.5_2017-09-07",0,0,1,"4224766527_78419_01"
"jmFnOoKt",0,9,2,1,"Unbiased-4","e2.5_2017-09-07",0,0,1,"4224766527_78419_01"
"jmFnOoKt",0,9,0,1,"Unbiased-4","e2.5_2017-09-07",1,0,1,"4224766527_78419_01"
"kACbxuMS",2,9,3,1,"Unbiased-4","e2.5_2017-09-07",0,0,1,"053633_S02_01"
"kACbxuMS",2,9,2,1,"Unbiased-4","e2.5_2017-09-07",1,0,1,"053633_S02_01"
"kACbxuMS",2,9,0,1,"Unbiased-4","e2.5_2017-09-07",0,0,1,"053633_S02_01"
"m0nnYchF",2,9,0,0,"Unbiased-4","e2.5_2017-09-07",0,0,1,"018297_S01_HH"
"m0nnYchF",2,9,1,0,"Unbiased-4","e2.5_2017-09-07",0,0,1,"018297_S01_HH"
"m0nnYchF",2,9,3,0,"Unbiased-4","e2.5_2017-09-07",0,0,1,"018297_S01_HH"
"m0nnYchF",2,9,2,0,"Unbiased-4","e2.5_2017-09-07",1,0,1,"018297_S01_HH"
"nVLWjcHt",0,9,1,1,"Biased-2","e2.4_2017-09-01",0,1,0,"4083364355_5107_01"
"nVLWjcHt",0,9,0,1,"Biased-2","e2.4_2017-09-01",1,1,0,"4083364355_5107_01"
"OekAb8Fe",0,9,0,0,"Unbiased-4","e2.5_2017-09-07",1,0,1,"4198725826_78419_01"
"OekAb8Fe",0,9,2,0,"Unbiased-4","e2.5_2017-09-07",0,0,1,"4198725826_78419_01"
"OekAb8Fe",0,9,3,0,"Unbiased-4","e2.5_2017-09-07",0,0,1,"4198725826_78419_01"
"OekAb8Fe",0,9,1,0,"Unbiased-4","e2.5_2017-09-07",0,0,1,"4198725826_78419_01"
"OGBTpuSV",1,9,1,1,"Biased-2","e2.4_2017-09-01",1,1,0,"4210176607_78419_01"
"OGBTpuSV",1,9,0,1,"Biased-2","e2.4_2017-09-01",0,1,0,"4210176607_78419_01"
"OS83QMIt",1,9,1,0,"Biased-2","e2.4_2017-09-01",1,1,0,"4206005848_78419_01"
"oyXJ9Za4",0,9,2,1,"Unbiased-4","e2.5_2017-09-07",0,0,1,"157869_3992_01"
"qqUGu3kS",2,9,3,1,"Unbiased-4","e2.5_2017-09-07",0,0,1,"4191252363_5107_01"
"qqUGu3kS",2,9,2,1,"Unbiased-4","e2.5_2017-09-07",1,0,1,"4191252363_5107_01"
"qqUGu3kS",2,9,0,1,"Unbiased-4","e2.5_2017-09-07",0,0,1,"4191252363_5107_01"
"tYZNQzXp",1,9,0,0,"Biased-2","e2.4_2017-09-01",0,1,0,"4224790003_78419_01"
"tYZNQzXp",1,9,1,0,"Biased-2","e2.4_2017-09-01",1,1,0,"4224790003_78419_01"
"tZOOpAfU",1,9,0,0,"Biased-2","e2.4_2017-09-01",0,1,0,"4222258464_78419_01"
"tZOOpAfU",1,9,1,0,"Biased-2","e2.4_2017-09-01",1,1,0,"4222258464_78419_01"
"u9vmNG2y",0,9,0,0,"Biased-2","e2.4_2017-09-01",1,1,0,"122161_3992_01"
"u9vmNG2y",0,9,1,0,"Biased-2","e2.4_2017-09-01",0,1,0,"122161_3992_01"
"uDoUOiDS",1,9,0,0,"Biased-2","e2.4_2017-09-01",0,1,0,"4194570502_78419_01"
"uDoUOiDS",1,9,1,1,"Biased-2","e2.4_2017-09-01",1,1,0,"4194570502_78419_01"
"w6uhkiFK",0,9,2,1,"Unbiased-4","e2.5_2017-09-07",0,0,1,"4210181764_78419_01"
"w6uhkiFK",0,9,3,1,"Unbiased-4","e2.5_2017-09-07",0,0,1,"4210181764_78419_01"
"ZueS6Jwo",2,9,0,0,"Unbiased-4","e2.5_2017-09-07",0,0,1,"4142232998_78419_01"
"ZueS6Jwo",2,9,2,0,"Unbiased-4","e2.5_2017-09-07",1,0,1,"4142232998_78419_01"
"ZXp0Nf1O",1,9,1,1,"Biased-2","e2.4_2017-09-01",1,1,0,"4222265576_78419_01"
"ZXp0Nf1O",1,9,0,0,"Biased-2","e2.4_2017-09-01",0,1,0,"4222265576_78419_01"
"0fr0kaXH",2,10,2,1,"Biased-4","e2.2_2017-08-24",1,1,1,"4210169883_78419_01"
"2XmZPU4o",2,10,2,1,"Biased-4","e2.2_2017-08-24",1,1,1,"158212_3992_01"
"5fZVsRyY",3,10,2,1,"Biased-4","e2.2_2017-08-24",0,1,1,"1666766099_78419_01"
"5fZVsRyY",3,10,1,1,"Biased-4","e2.2_2017-08-24",0,1,1,"1666766099_78419_01"
"diPOf8ra",2,10,2,1,"Biased-4","e2.2_2017-08-24",1,1,1,"4033152806_78914_01"
"ggsLbDfz",2,10,2,1,"Biased-4","e2.2_2017-08-24",1,1,1,"015419_S01_HH"
"IEEr3afx",2,10,2,1,"Biased-4","e2.2_2017-08-24",1,1,1,"4224790013_78419_01"
"lyGJPNXR",2,10,2,0,"Biased-4","e2.2_2017-08-24",1,1,1,"069388_S02_01"
"lyGJPNXR",2,10,0,0,"Biased-4","e2.2_2017-08-24",0,1,1,"069388_S02_01"
"lyGJPNXR",2,10,1,0,"Biased-4","e2.2_2017-08-24",0,1,1,"069388_S02_01"
"lyGJPNXR",2,10,3,0,"Biased-4","e2.2_2017-08-24",0,1,1,"069388_S02_01"
"rCOFf22U",2,10,2,1,"Biased-4","e2.2_2017-08-24",1,1,1,"4174330538_78419_01"
"RXIiD3rP",2,10,2,1,"Biased-4","e2.2_2017-08-24",1,1,1,"062838_S02_01"
"Sw3Et2xV",2,10,2,1,"Biased-4","e2.2_2017-08-24",1,1,1,"4224795530_78419_01"
"Sw3Et2xV",2,10,1,0,"Biased-4","e2.2_2017-08-24",0,1,1,"4224795530_78419_01"
"UvZf1gPO",1,10,2,0,"Biased-4","e2.2_2017-08-24",0,1,1,"4224772930_78419_01"
"UvZf1gPO",1,10,0,0,"Biased-4","e2.2_2017-08-24",0,1,1,"4224772930_78419_01"
"UvZf1gPO",1,10,1,0,"Biased-4","e2.2_2017-08-24",1,1,1,"4224772930_78419_01"
"UvZf1gPO",1,10,3,0,"Biased-4","e2.2_2017-08-24",0,1,1,"4224772930_78419_01"
"wKBuViKl",2,10,3,1,"Biased-4","e2.2_2017-08-24",0,1,1,"4128108027_78419_01"
"wKBuViKl",2,10,2,1,"Biased-4","e2.2_2017-08-24",1,1,1,"4128108027_78419_01"
"wKBuViKl",2,10,1,1,"Biased-4","e2.2_2017-08-24",0,1,1,"4128108027_78419_01"
"x0Q2cCRq",2,10,2,0,"Biased-4","e2.2_2017-08-24",1,1,1,"4224776226_78419_01"
"XCnmdDUg",1,10,2,0,"Biased-4","e2.2_2017-08-24",0,1,1,"4222256011_78419_01"
"XCnmdDUg",1,10,1,1,"Biased-4","e2.2_2017-08-24",1,1,1,"4222256011_78419_01"
"XUr96Ljm",2,10,2,0,"Biased-4","e2.2_2017-08-24",1,1,1,"750812_S02_01"
"Zp7IFzWn",2,10,1,1,"Biased-4","e2.2_2017-08-24",0,1,1,"4209527873_78419_01"
"Zp7IFzWn",2,10,2,1,"Biased-4","e2.2_2017-08-24",1,1,1,"4209527873_78419_01"
"0hhJBCnW",2,11,1,1,"Unbiased-4","e2.5_2017-09-07",0,0,1,"165752_3992_01"
"0hhJBCnW",2,11,0,1,"Unbiased-4","e2.5_2017-09-07",0,0,1,"165752_3992_01"
"1NYc3ypZ",1,11,3,1,"Unbiased-4","e2.5_2017-09-07",0,0,1,"089635_S02_02"
"1NYc3ypZ",1,11,2,1,"Unbiased-4","e2.5_2017-09-07",0,0,1,"089635_S02_02"
"1NYc3ypZ",1,11,1,1,"Unbiased-4","e2.5_2017-09-07",1,0,1,"089635_S02_02"
"1NYc3ypZ",1,11,0,1,"Unbiased-4","e2.5_2017-09-07",0,0,1,"089635_S02_02"
"2n8fFNoM",2,11,2,1,"Biased-4","e2.1_2017-09-03",1,1,1,"4205995801_78419_01"
"2UIMidzg",3,11,0,0,"Biased-4","e2.1_2017-09-03",0,1,1,"4198750331_78419_01"
"2UIMidzg",3,11,3,0,"Biased-4","e2.1_2017-09-03",1,1,1,"4198750331_78419_01"
"2UIMidzg",3,11,2,0,"Biased-4","e2.1_2017-09-03",0,1,1,"4198750331_78419_01"
"2UIMidzg",3,11,1,0,"Biased-4","e2.1_2017-09-03",0,1,1,"4198750331_78419_01"
"44b4OLuC",2,11,2,1,"Unbiased-4","e2.5_2017-09-07",1,0,1,"4198747815_78419_01"
"44b4OLuC",2,11,1,1,"Unbiased-4","e2.5_2017-09-07",0,0,1,"4198747815_78419_01"
"44b4OLuC",2,11,0,1,"Unbiased-4","e2.5_2017-09-07",0,0,1,"4198747815_78419_01"
"44b4OLuC",2,11,3,1,"Unbiased-4","e2.5_2017-09-07",0,0,1,"4198747815_78419_01"
"4nSFdQzt",0,11,0,1,"Unbiased-4","e2.5_2017-09-07",1,0,1,"4142236355_78419_01"
"4nSFdQzt",0,11,2,1,"Unbiased-4","e2.5_2017-09-07",0,0,1,"4142236355_78419_01"
"4nSFdQzt",0,11,1,0,"Unbiased-4","e2.5_2017-09-07",0,0,1,"4142236355_78419_01"
"4nSFdQzt",0,11,3,0,"Unbiased-4","e2.5_2017-09-07",0,0,1,"4142236355_78419_01"
"7JLSGlin",0,11,0,0,"Unbiased-4","e2.5_2017-09-07",1,0,1,"082300_S02_01"
"7JLSGlin",0,11,1,0,"Unbiased-4","e2.5_2017-09-07",0,0,1,"082300_S02_01"
"7JLSGlin",0,11,2,0,"Unbiased-4","e2.5_2017-09-07",0,0,1,"082300_S02_01"
"7JLSGlin",0,11,3,0,"Unbiased-4","e2.5_2017-09-07",0,0,1,"082300_S02_01"
"a89vyAFL",2,11,3,1,"Biased-4","e2.1_2017-09-03",0,1,1,"86042049_23694_01"
"a89vyAFL",2,11,2,1,"Biased-4","e2.1_2017-09-03",1,1,1,"86042049_23694_01"
"CSIho5fN",2,11,2,1,"Biased-4","e2.1_2017-09-03",1,1,1,"4175653832_92326_01"
"dcZXuvm5",3,11,0,0,"Unbiased-4","e2.5_2017-09-07",0,0,1,"4222268922_78419_01"
"dcZXuvm5",3,11,1,1,"Unbiased-4","e2.5_2017-09-07",0,0,1,"4222268922_78419_01"
"dcZXuvm5",3,11,2,0,"Unbiased-4","e2.5_2017-09-07",0,0,1,"4222268922_78419_01"
"dcZXuvm5",3,11,3,1,"Unbiased-4","e2.5_2017-09-07",1,0,1,"4222268922_78419_01"
"H0kC41XP",2,11,3,0,"Biased-4","e2.1_2017-09-03",0,1,1,"4142214247_78419_01"
"H0kC41XP",2,11,2,1,"Biased-4","e2.1_2017-09-03",1,1,1,"4142214247_78419_01"
"H0kC41XP",2,11,1,0,"Biased-4","e2.1_2017-09-03",0,1,1,"4142214247_78419_01"
"jmFnOoKt",0,11,0,1,"Unbiased-4","e2.5_2017-09-07",1,0,1,"4224766527_78419_01"
"jmFnOoKt",0,11,3,1,"Unbiased-4","e2.5_2017-09-07",0,0,1,"4224766527_78419_01"
"jmFnOoKt",0,11,1,1,"Unbiased-4","e2.5_2017-09-07",0,0,1,"4224766527_78419_01"
"jxy012QP",2,11,2,1,"Biased-4","e2.1_2017-09-03",1,1,1,"4224777765_78419_01"
"kACbxuMS",2,11,1,1,"Unbiased-4","e2.5_2017-09-07",0,0,1,"053633_S02_01"
"kACbxuMS",2,11,2,1,"Unbiased-4","e2.5_2017-09-07",1,0,1,"053633_S02_01"
"kACbxuMS",2,11,3,1,"Unbiased-4","e2.5_2017-09-07",0,0,1,"053633_S02_01"
"kJ508QX4",2,11,3,1,"Biased-4","e2.1_2017-09-03",0,1,1,"147028_3992_01"
"kJ508QX4",2,11,2,1,"Biased-4","e2.1_2017-09-03",1,1,1,"147028_3992_01"
"m0nnYchF",3,11,0,0,"Unbiased-4","e2.5_2017-09-07",0,0,1,"018297_S01_HH"
"m0nnYchF",3,11,1,0,"Unbiased-4","e2.5_2017-09-07",0,0,1,"018297_S01_HH"
"m0nnYchF",3,11,2,0,"Unbiased-4","e2.5_2017-09-07",0,0,1,"018297_S01_HH"
"m0nnYchF",3,11,3,0,"Unbiased-4","e2.5_2017-09-07",1,0,1,"018297_S01_HH"
"OekAb8Fe",1,11,0,0,"Unbiased-4","e2.5_2017-09-07",0,0,1,"4198725826_78419_01"
"OekAb8Fe",1,11,1,0,"Unbiased-4","e2.5_2017-09-07",1,0,1,"4198725826_78419_01"
"OekAb8Fe",1,11,2,0,"Unbiased-4","e2.5_2017-09-07",0,0,1,"4198725826_78419_01"
"OekAb8Fe",1,11,3,0,"Unbiased-4","e2.5_2017-09-07",0,0,1,"4198725826_78419_01"
"oyXJ9Za4",0,11,1,0,"Unbiased-4","e2.5_2017-09-07",0,0,1,"157869_3992_01"
"oyXJ9Za4",0,11,0,1,"Unbiased-4","e2.5_2017-09-07",1,0,1,"157869_3992_01"
"qqUGu3kS",2,11,1,1,"Unbiased-4","e2.5_2017-09-07",0,0,1,"4191252363_5107_01"
"qqUGu3kS",2,11,3,1,"Unbiased-4","e2.5_2017-09-07",0,0,1,"4191252363_5107_01"
"qqUGu3kS",2,11,0,1,"Unbiased-4","e2.5_2017-09-07",0,0,1,"4191252363_5107_01"
"Sx3WY8DF",1,11,1,0,"Biased-4","e2.1_2017-09-03",1,1,1,"4142236580_78419_01"
"Sx3WY8DF",1,11,2,0,"Biased-4","e2.1_2017-09-03",0,1,1,"4142236580_78419_01"
"Sx3WY8DF",1,11,3,0,"Biased-4","e2.1_2017-09-03",0,1,1,"4142236580_78419_01"
"Sx3WY8DF",1,11,0,0,"Biased-4","e2.1_2017-09-03",0,1,1,"4142236580_78419_01"
"U8hihsFv",2,11,2,1,"Biased-4","e2.1_2017-09-03",1,1,1,"4198726251_78419_01"
"U8hihsFv",2,11,3,0,"Biased-4","e2.1_2017-09-03",0,1,1,"4198726251_78419_01"
"uiAFosTU",3,11,0,0,"Biased-4","e2.1_2017-09-03",0,1,1,"4224810545_78419_01"
"uiAFosTU",3,11,1,0,"Biased-4","e2.1_2017-09-03",0,1,1,"4224810545_78419_01"
"uiAFosTU",3,11,2,0,"Biased-4","e2.1_2017-09-03",0,1,1,"4224810545_78419_01"
"uiAFosTU",3,11,3,0,"Biased-4","e2.1_2017-09-03",1,1,1,"4224810545_78419_01"
"VHwMul8t",2,11,2,1,"Biased-4","e2.1_2017-09-03",1,1,1,"1917465972_78419_01"
"w2NyOm6v",3,11,3,1,"Biased-4","e2.1_2017-09-03",1,1,1,"4222270010_78419_01"
"w2NyOm6v",3,11,2,1,"Biased-4","e2.1_2017-09-03",0,1,1,"4222270010_78419_01"
"w2NyOm6v",3,11,1,1,"Biased-4","e2.1_2017-09-03",0,1,1,"4222270010_78419_01"
"w6uhkiFK",0,11,1,1,"Unbiased-4","e2.5_2017-09-07",0,0,1,"4210181764_78419_01"
"w6uhkiFK",0,11,0,1,"Unbiased-4","e2.5_2017-09-07",1,0,1,"4210181764_78419_01"
"WdTeyb1v",1,11,0,1,"Unbiased-4","e2.5_2017-09-07",0,0,1,"4191248964_5107_01"
"WdTeyb1v",1,11,2,1,"Unbiased-4","e2.5_2017-09-07",0,0,1,"4191248964_5107_01"
"WdTeyb1v",1,11,1,1,"Unbiased-4","e2.5_2017-09-07",1,0,1,"4191248964_5107_01"
"wTEFmE3O",2,11,3,1,"Biased-4","e2.1_2017-09-03",0,1,1,"165723_3992_02"
"wTEFmE3O",2,11,2,1,"Biased-4","e2.1_2017-09-03",1,1,1,"165723_3992_02"
"wZT18Vvb",2,11,3,1,"Biased-4","e2.1_2017-09-03",0,1,1,"4182914445_78419_01"
"wZT18Vvb",2,11,2,1,"Biased-4","e2.1_2017-09-03",1,1,1,"4182914445_78419_01"
"wZT18Vvb",2,11,1,1,"Biased-4","e2.1_2017-09-03",0,1,1,"4182914445_78419_01"
"z1B8b3UP",2,11,0,0,"Biased-4","e2.1_2017-09-03",0,1,1,"1976098278_78419_01"
"z1B8b3UP",2,11,3,0,"Biased-4","e2.1_2017-09-03",0,1,1,"1976098278_78419_01"
"z1B8b3UP",2,11,1,0,"Biased-4","e2.1_2017-09-03",0,1,1,"1976098278_78419_01"
"z1B8b3UP",2,11,2,0,"Biased-4","e2.1_2017-09-03",1,1,1,"1976098278_78419_01"
"0fr0kaXH",2,12,2,1,"Biased-4","e2.2_2017-08-24",1,1,1,"4210169883_78419_01"
"0fr0kaXH",2,12,1,1,"Biased-4","e2.2_2017-08-24",0,1,1,"4210169883_78419_01"
"1I97cDCu",3,12,0,1,"Biased-4","e2.1_2017-09-01",0,1,1,"1708246037_78419_01"
"2CR6vFVs",0,12,1,1,"Unbiased-2","e2.6_2017-09-21",0,0,0,"4210186321_78419_01"
"2XmZPU4o",2,12,2,1,"Biased-4","e2.2_2017-08-24",1,1,1,"158212_3992_01"
"3AYzSo0a",0,12,1,1,"Unbiased-2","e2.6_2017-09-21",0,0,0,"4176631747_78419_01"
"BTfBuNtB",3,12,3,1,"Biased-4","e2.1_2017-09-01",1,1,1,"4069202132_78914_01"
"BTfBuNtB",3,12,0,1,"Biased-4","e2.1_2017-09-01",0,1,1,"4069202132_78914_01"
"diPOf8ra",2,12,1,1,"Biased-4","e2.2_2017-08-24",0,1,1,"4033152806_78914_01"
"DJ8LGEZY",0,12,0,1,"Biased-4","e2.1_2017-09-01",1,1,1,"4224828504_78419_01"
"ggsLbDfz",2,12,2,1,"Biased-4","e2.2_2017-08-24",1,1,1,"015419_S01_HH"
"ggsLbDfz",2,12,3,1,"Biased-4","e2.2_2017-08-24",0,1,1,"015419_S01_HH"
"IEEr3afx",2,12,2,1,"Biased-4","e2.2_2017-08-24",1,1,1,"4224790013_78419_01"
"jpnPuVCM",1,12,1,0,"Unbiased-2","e2.6_2017-09-21",1,0,0,"4193034472_78419_01"
"jpnPuVCM",1,12,0,1,"Unbiased-2","e2.6_2017-09-21",0,0,0,"4193034472_78419_01"
"LKii9aEK",0,12,1,1,"Unbiased-2","e2.6_2017-09-21",0,0,0,"4182918354_78419_01"
"lyGJPNXR",3,12,1,0,"Biased-4","e2.2_2017-08-24",0,1,1,"069388_S02_01"
"lyGJPNXR",3,12,2,0,"Biased-4","e2.2_2017-08-24",0,1,1,"069388_S02_01"
"lyGJPNXR",3,12,3,0,"Biased-4","e2.2_2017-08-24",1,1,1,"069388_S02_01"
"lyGJPNXR",3,12,0,0,"Biased-4","e2.2_2017-08-24",0,1,1,"069388_S02_01"
"QXNE4Fr9",1,12,1,1,"Unbiased-2","e2.6_2017-09-21",1,0,0,"4148866744_78419_01"
"QXNE4Fr9",1,12,0,1,"Unbiased-2","e2.6_2017-09-21",0,0,0,"4148866744_78419_01"
"rCOFf22U",2,12,2,1,"Biased-4","e2.2_2017-08-24",1,1,1,"4174330538_78419_01"
"RXIiD3rP",2,12,1,0,"Biased-4","e2.2_2017-08-24",0,1,1,"062838_S02_01"
"RXIiD3rP",2,12,2,1,"Biased-4","e2.2_2017-08-24",1,1,1,"062838_S02_01"
"Sw3Et2xV",2,12,2,1,"Biased-4","e2.2_2017-08-24",1,1,1,"4224795530_78419_01"
"tjR3yjYL",1,12,1,1,"Unbiased-2","e2.6_2017-09-21",1,0,0,"4224783116_78419_01"
"tjR3yjYL",1,12,0,1,"Unbiased-2","e2.6_2017-09-21",0,0,0,"4224783116_78419_01"
"UvZf1gPO",2,12,1,0,"Biased-4","e2.2_2017-08-24",0,1,1,"4224772930_78419_01"
"UvZf1gPO",2,12,2,0,"Biased-4","e2.2_2017-08-24",1,1,1,"4224772930_78419_01"
"UvZf1gPO",2,12,3,0,"Biased-4","e2.2_2017-08-24",0,1,1,"4224772930_78419_01"
"UvZf1gPO",2,12,0,0,"Biased-4","e2.2_2017-08-24",0,1,1,"4224772930_78419_01"
"Wd5JCBnA",1,12,1,1,"Unbiased-2","e2.6_2017-09-21",1,0,0,"4222259624_78419_01"
"wKBuViKl",2,12,1,1,"Biased-4","e2.2_2017-08-24",0,1,1,"4128108027_78419_01"
"wKBuViKl",2,12,2,1,"Biased-4","e2.2_2017-08-24",1,1,1,"4128108027_78419_01"
"x0Q2cCRq",1,12,3,1,"Biased-4","e2.2_2017-08-24",0,1,1,"4224776226_78419_01"
"x0Q2cCRq",1,12,2,1,"Biased-4","e2.2_2017-08-24",0,1,1,"4224776226_78419_01"
"x0Q2cCRq",1,12,1,1,"Biased-4","e2.2_2017-08-24",1,1,1,"4224776226_78419_01"
"x7QzBBkz",1,12,0,0,"Unbiased-2","e2.6_2017-09-21",0,0,0,"4009917197_78914_01"
"x7QzBBkz",1,12,1,1,"Unbiased-2","e2.6_2017-09-21",1,0,0,"4009917197_78914_01"
"XCnmdDUg",2,12,2,1,"Biased-4","e2.2_2017-08-24",1,1,1,"4222256011_78419_01"
"XCnmdDUg",2,12,1,1,"Biased-4","e2.2_2017-08-24",0,1,1,"4222256011_78419_01"
"XUr96Ljm",2,12,3,0,"Biased-4","e2.2_2017-08-24",0,1,1,"750812_S02_01"
"XUr96Ljm",2,12,2,1,"Biased-4","e2.2_2017-08-24",1,1,1,"750812_S02_01"
"XUr96Ljm",2,12,1,0,"Biased-4","e2.2_2017-08-24",0,1,1,"750812_S02_01"
"zcXK7TjS",0,12,1,1,"Unbiased-2","e2.6_2017-09-21",0,0,0,"121991_3992_01"
"Zp7IFzWn",1,12,2,0,"Biased-4","e2.2_2017-08-24",0,1,1,"4209527873_78419_01"
"Zp7IFzWn",1,12,1,1,"Biased-4","e2.2_2017-08-24",1,1,1,"4209527873_78419_01"
"0Fsj77FY",2,13,2,1,"Biased-4","e2.1_2017-08-24",1,1,1,"029738_S01_HH"
"2CR6vFVs",0,13,1,1,"Unbiased-2","e2.6_2017-09-21",0,0,0,"4210186321_78419_01"
"2eCW1FlE",1,13,1,1,"Biased-2","e2.3_2017-08-31",1,1,0,"4142230532_78419_01"
"2KfKBFI1",1,13,0,1,"Unbiased-2","e2.6_2017-09-09",0,0,0,"4224808964_78419_01"
"2KfKBFI1",1,13,1,1,"Unbiased-2","e2.6_2017-09-09",1,0,0,"4224808964_78419_01"
"2QsvgjjE",0,13,1,1,"Biased-2","e2.4_2017-08-27",0,1,0,"4174331532_78419_01"
"2QsvgjjE",0,13,0,1,"Biased-2","e2.4_2017-08-27",1,1,0,"4174331532_78419_01"
"3AYzSo0a",0,13,0,1,"Unbiased-2","e2.6_2017-09-21",1,0,0,"4176631747_78419_01"
"3ClMwfdr",0,13,0,0,"Biased-2","e2.4_2017-09-01",1,1,0,"036403_S01_01"
"3ClMwfdr",0,13,1,0,"Biased-2","e2.4_2017-09-01",0,1,0,"036403_S01_01"
"3NPNzJYf",0,13,1,1,"Unbiased-2","e2.6_2017-09-16",0,0,0,"1887154303_78419_01"
"3x8dNpDD",3,13,2,1,"Biased-4","e2.1_2017-08-24",0,1,1,"4142223226_78419_01"
"3x8dNpDD",3,13,3,1,"Biased-4","e2.1_2017-08-24",1,1,1,"4142223226_78419_01"
"49Jqer6s",2,13,2,1,"Biased-4","e2.1_2017-08-24",1,1,1,"004346_S01_HH"
"4rAYLpiK",2,13,1,1,"Biased-4","e2.1_2017-08-28",0,1,1,"4182991699_78419_01"
"5Dc9pgMR",1,13,0,0,"Biased-2","e2.3_2017-08-31",0,1,0,"1869079206_78419_01"
"5Dc9pgMR",1,13,1,1,"Biased-2","e2.3_2017-08-31",1,1,0,"1869079206_78419_01"
"66fX2Bg0",0,13,0,1,"Biased-2","e2.4_2017-08-31",1,1,0,"4222263686_78419_01"
"6eq39r0t",0,13,0,1,"Biased-2","e2.4_2017-08-31",1,1,0,"1590401214_78419_01"
"7oVIAWsh",1,13,1,1,"Unbiased-2","e2.6_2017-09-16",1,0,0,"4141879666_78419_01"
"7SiuC6aO",3,13,3,1,"Biased-4","e2.1_2017-08-24",1,1,1,"4128106335_78419_01"
"7SiuC6aO",3,13,2,1,"Biased-4","e2.1_2017-08-24",0,1,1,"4128106335_78419_01"
"8SAdCbGE",1,13,0,1,"Biased-2","e2.4_2017-09-01",0,1,0,"4182992005_78419_01"
"8SAdCbGE",1,13,1,1,"Biased-2","e2.4_2017-09-01",1,1,0,"4182992005_78419_01"
"aGLDOR3v",0,13,0,1,"Biased-2","e2.4_2017-08-27",1,1,0,"1975420046_78419_01"
"Aosqpm7K",3,13,0,0,"Biased-4","e2.1_2017-08-24",0,1,1,"4198745311_78419_01"
"Aosqpm7K",3,13,1,0,"Biased-4","e2.1_2017-08-24",0,1,1,"4198745311_78419_01"
"Aosqpm7K",3,13,2,0,"Biased-4","e2.1_2017-08-24",0,1,1,"4198745311_78419_01"
"Aosqpm7K",3,13,3,0,"Biased-4","e2.1_2017-08-24",1,1,1,"4198745311_78419_01"
"aZ7ejSR5",0,13,1,0,"Biased-2","e2.4_2017-09-01",0,1,0,"4083284137_78914_01"
"aZ7ejSR5",0,13,0,0,"Biased-2","e2.4_2017-09-01",1,1,0,"4083284137_78914_01"
"b3pCCPJi",1,13,1,1,"Unbiased-2","e2.6_2017-09-09",1,0,0,"4142196852_78419_01"
"b3pCCPJi",1,13,0,1,"Unbiased-2","e2.6_2017-09-09",0,0,0,"4142196852_78419_01"
"BYpYNLYZ",1,13,0,1,"Biased-2","e2.4_2017-08-27",0,1,0,"060507_S02_02"
"BYpYNLYZ",1,13,1,1,"Biased-2","e2.4_2017-08-27",1,1,0,"060507_S02_02"
"c2a1ApB4",2,13,2,1,"Biased-4","e2.1_2017-08-24",1,1,1,"4210171182_78419_01"
"cCWpfNHl",1,13,0,0,"Biased-2","e2.4_2017-08-27",0,1,0,"088523_S02_01"
"cCWpfNHl",1,13,1,0,"Biased-2","e2.4_2017-08-27",1,1,0,"088523_S02_01"
"CMkZT74c",1,13,1,1,"Unbiased-2","e2.6_2017-09-16",1,0,0,"4182968972_78419_01"
"CMkZT74c",1,13,0,0,"Unbiased-2","e2.6_2017-09-16",0,0,0,"4182968972_78419_01"
"cSQt54dS",0,13,0,1,"Biased-2","e2.4_2017-08-31",1,1,0,"1724172254_78419_01"
"cW3Xrh7y",2,13,2,1,"Biased-4","e2.1_2017-08-24",1,1,1,"4182959840_78419_01"
"cW3Xrh7y",2,13,3,1,"Biased-4","e2.1_2017-08-24",0,1,1,"4182959840_78419_01"
"CwFE3ItX",1,13,1,1,"Biased-2","e2.3_2017-08-31",1,1,0,"4175653757_92326_01"
"CwFE3ItX",1,13,0,1,"Biased-2","e2.3_2017-08-31",0,1,0,"4175653757_92326_01"
"dbeyNtbX",0,13,0,1,"Unbiased-2","e2.6_2017-09-09",1,0,0,"087915_S02_02"
"dbeyNtbX",0,13,1,1,"Unbiased-2","e2.6_2017-09-09",0,0,0,"087915_S02_02"
"DJWdsL8d",2,13,3,1,"Biased-4","e2.1_2017-08-24",0,1,1,"072544_S02_01"
"DJWdsL8d",2,13,2,1,"Biased-4","e2.1_2017-08-24",1,1,1,"072544_S02_01"
"dKSCJBQ8",2,13,2,1,"Biased-4","e2.1_2017-08-24",1,1,1,"4141908521_78419_01"
"Du9Kh9Zi",0,13,0,1,"Biased-2","e2.4_2017-09-01",1,1,0,"010477_S01_HH"
"dYfzbDKZ",2,13,2,1,"Biased-4","e2.1_2017-08-24",1,1,1,"4098583988_78419_01"
"dYfzbDKZ",2,13,3,0,"Biased-4","e2.1_2017-08-24",0,1,1,"4098583988_78419_01"
"EALWRNpD",1,13,1,1,"Unbiased-2","e2.6_2017-09-09",1,0,0,"4224774488_78419_01"
"eTQUtKSe",0,13,1,1,"Unbiased-2","e2.6_2017-09-16",0,0,0,"4141881004_78419_01"
"EZ86FtBN",2,13,2,1,"Biased-4","e2.1_2017-08-24",1,1,1,"4222260107_78419_01"
"f7cmoZxN",1,13,0,1,"Unbiased-2","e2.6_2017-09-09",0,0,0,"145708_3992_01"
"GV56CWVE",1,13,0,1,"Biased-2","e2.4_2017-08-31",0,1,0,"1759047013_78419_01"
"Gvw2kAUr",3,13,3,1,"Biased-4","e2.1_2017-08-24",1,1,1,"006297_S01_HH"
"hBbqBxNW",0,13,0,1,"Biased-2","e2.4_2017-09-01",1,1,0,"4222262517_78419_01"
"HgL5wQXl",0,13,1,1,"Unbiased-2","e2.6_2017-09-09",0,0,0,"4198723823_78419_01"
"HgL5wQXl",0,13,0,1,"Unbiased-2","e2.6_2017-09-09",1,0,0,"4198723823_78419_01"
"HQ9XsNlH",1,13,1,1,"Unbiased-2","e2.6_2017-09-16",1,0,0,"4205978713_78419_01"
"i7IIFMIb",0,13,0,0,"Biased-2","e2.3_2017-08-31",1,1,0,"4210182356_78419_01"
"i7IIFMIb",0,13,1,0,"Biased-2","e2.3_2017-08-31",0,1,0,"4210182356_78419_01"
"ioIMkkv3",0,13,0,1,"Biased-2","e2.4_2017-08-27",1,1,0,"1869068229_78419_01"
"jC2kr3u0",0,13,1,1,"Biased-2","e2.3_2017-08-31",0,1,0,"4210176685_78419_01"
"JkDj57W3",0,13,0,1,"Biased-2","e2.4_2017-09-01",1,1,0,"035315_S01_HH"
"jlkiDCUf",0,13,0,1,"Biased-2","e2.4_2017-08-27",1,1,0,"1797570488_78419_01"
"jLzegXH6",1,13,0,0,"Unbiased-2","e2.6_2017-09-09",0,0,0,"4210178541_78419_01"
"jLzegXH6",1,13,1,1,"Unbiased-2","e2.6_2017-09-09",1,0,0,"4210178541_78419_01"
"JnID4Q2o",0,13,1,1,"Unbiased-2","e2.6_2017-09-09",0,0,0,"4183009964_78419_01"
"JnID4Q2o",0,13,0,1,"Unbiased-2","e2.6_2017-09-09",1,0,0,"4183009964_78419_01"
"jpnPuVCM",0,13,0,0,"Unbiased-2","e2.6_2017-09-21",1,0,0,"4193034472_78419_01"
"jpnPuVCM",0,13,1,1,"Unbiased-2","e2.6_2017-09-21",0,0,0,"4193034472_78419_01"
"JPppFZWQ",1,13,0,1,"Biased-2","e2.3_2017-08-31",0,1,0,"4198735108_78419_01"
"JPppFZWQ",1,13,1,1,"Biased-2","e2.3_2017-08-31",1,1,0,"4198735108_78419_01"
"jTcyevlw",1,13,1,1,"Biased-2","e2.4_2017-08-27",1,1,0,"4083364193_78914_01"
"ju7eWJ5D",1,13,1,1,"Biased-2","e2.3_2017-08-31",1,1,0,"4198696732_78419_01"
"JxdStep4",0,13,0,1,"Biased-2","e2.4_2017-08-27",1,1,0,"4210175671_78419_01"
"Kpefbwlv",1,13,1,1,"Biased-2","e2.3_2017-08-31",1,1,0,"4210172616_78419_01"
"Kpefbwlv",1,13,0,1,"Biased-2","e2.3_2017-08-31",0,1,0,"4210172616_78419_01"
"Kwi2XJew",0,13,0,1,"Biased-2","e2.4_2017-08-31",1,1,0,"1701598304_78419_01"
"LKii9aEK",0,13,1,1,"Unbiased-2","e2.6_2017-09-21",0,0,0,"4182918354_78419_01"
"LKii9aEK",0,13,0,1,"Unbiased-2","e2.6_2017-09-21",1,0,0,"4182918354_78419_01"
"MDbJQOVf",1,13,1,1,"Biased-4","e2.1_2017-08-28",1,1,1,"4083363247_78914_01"
"mn9JA7Xk",0,13,0,1,"Biased-2","e2.4_2017-08-27",1,1,0,"1686963147_78419_01"
"MNqgePjh",1,13,1,1,"Biased-4","e2.1_2017-08-28",1,1,1,"4018908883_78914_01"
"MyTwrheb",0,13,0,1,"Biased-2","e2.4_2017-08-31",1,1,0,"044749_S02_01"
"n7jGHdyD",1,13,1,1,"Biased-2","e2.3_2017-08-31",1,1,0,"006536_S01_01"
"nQ9GHNJp",1,13,1,1,"Unbiased-2","e2.6_2017-09-09",1,0,0,"4148901480_78419_01"
"nVLWjcHt",1,13,1,0,"Biased-2","e2.4_2017-09-01",1,1,0,"4083364355_5107_01"
"nVLWjcHt",1,13,0,1,"Biased-2","e2.4_2017-09-01",0,1,0,"4083364355_5107_01"
"O5c1zblg",1,13,1,0,"Biased-2","e2.3_2017-08-31",1,1,0,"4198741919_78419_01"
"O5c1zblg",1,13,0,0,"Biased-2","e2.3_2017-08-31",0,1,0,"4198741919_78419_01"
"OGBTpuSV",0,13,0,1,"Biased-2","e2.4_2017-09-01",1,1,0,"4210176607_78419_01"
"oiQ4Mojb",1,13,0,0,"Biased-4","e2.1_2017-08-28",0,1,1,"4182983867_78419_01"
"oiQ4Mojb",1,13,1,0,"Biased-4","e2.1_2017-08-28",1,1,1,"4182983867_78419_01"
"oiQ4Mojb",1,13,2,0,"Biased-4","e2.1_2017-08-28",0,1,1,"4182983867_78419_01"
"oiQ4Mojb",1,13,3,0,"Biased-4","e2.1_2017-08-28",0,1,1,"4182983867_78419_01"
"OmtdCXCq",1,13,1,1,"Biased-2","e2.3_2017-08-31",1,1,0,"4224774627_78419_01"
"OS83QMIt",1,13,0,0,"Biased-2","e2.4_2017-09-01",0,1,0,"4206005848_78419_01"
"OS83QMIt",1,13,1,0,"Biased-2","e2.4_2017-09-01",1,1,0,"4206005848_78419_01"
"OTER4w1T",2,13,2,1,"Biased-4","e2.1_2017-08-24",1,1,1,"1743838971_78419_01"
"OTER4w1T",2,13,3,1,"Biased-4","e2.1_2017-08-24",0,1,1,"1743838971_78419_01"
"PDbvxhQc",0,13,0,1,"Biased-2","e2.3_2017-08-31",1,1,0,"121889_3992_01"
"pG9ucTV2",0,13,0,0,"Biased-2","e2.4_2017-08-27",1,1,0,"4205979274_78419_01"
"pG9ucTV2",0,13,1,0,"Biased-2","e2.4_2017-08-27",0,1,0,"4205979274_78419_01"
"QShMToNs",1,13,1,1,"Unbiased-2","e2.6_2017-09-09",1,0,0,"4141908830_78419_01"
"QShMToNs",1,13,0,1,"Unbiased-2","e2.6_2017-09-09",0,0,0,"4141908830_78419_01"
"QXNE4Fr9",1,13,0,1,"Unbiased-2","e2.6_2017-09-21",0,0,0,"4148866744_78419_01"
"QY65oXAS",1,13,1,1,"Biased-2","e2.3_2017-08-31",1,1,0,"023401_S01_HH"
"RNTqSbN2",0,13,0,1,"Unbiased-2","e2.6_2017-09-09",1,0,0,"1834436193_78419_01"
"RNTqSbN2",0,13,1,1,"Unbiased-2","e2.6_2017-09-09",0,0,0,"1834436193_78419_01"
"sJGf8QUk",1,13,0,0,"Biased-2","e2.3_2017-08-31",0,1,0,"4174334848_78419_01"
"sJGf8QUk",1,13,1,0,"Biased-2","e2.3_2017-08-31",1,1,0,"4174334848_78419_01"
"TgojOpBZ",0,13,0,1,"Biased-2","e2.4_2017-08-31",1,1,0,"4142235125_78419_01"
"tiUegpsp",1,13,0,1,"Unbiased-2","e2.6_2017-09-09",0,0,0,"4174335565_78419_01"
"tjR3yjYL",0,13,1,1,"Unbiased-2","e2.6_2017-09-21",0,0,0,"4224783116_78419_01"
"tjR3yjYL",0,13,0,1,"Unbiased-2","e2.6_2017-09-21",1,0,0,"4224783116_78419_01"
"tqPAyJE4",1,13,1,1,"Unbiased-2","e2.6_2017-09-09",1,0,0,"4224780943_78419_01"
"tqPAyJE4",1,13,0,1,"Unbiased-2","e2.6_2017-09-09",0,0,0,"4224780943_78419_01"
"tYZNQzXp",0,13,1,0,"Biased-2","e2.4_2017-09-01",0,1,0,"4224790003_78419_01"
"tYZNQzXp",0,13,0,0,"Biased-2","e2.4_2017-09-01",1,1,0,"4224790003_78419_01"
"tZOOpAfU",0,13,0,0,"Biased-2","e2.4_2017-09-01",1,1,0,"4222258464_78419_01"
"tZOOpAfU",0,13,1,0,"Biased-2","e2.4_2017-09-01",0,1,0,"4222258464_78419_01"
"u9vmNG2y",1,13,1,0,"Biased-2","e2.4_2017-09-01",1,1,0,"122161_3992_01"
"u9vmNG2y",1,13,0,0,"Biased-2","e2.4_2017-09-01",0,1,0,"122161_3992_01"
"uDoUOiDS",1,13,1,1,"Biased-2","e2.4_2017-09-01",1,1,0,"4194570502_78419_01"
"uDoUOiDS",1,13,0,0,"Biased-2","e2.4_2017-09-01",0,1,0,"4194570502_78419_01"
"uXJWcSH5",3,13,1,1,"Biased-4","e2.1_2017-08-28",0,1,1,"025702_S01_HH"
"vC6lyVef",2,13,2,1,"Biased-4","e2.1_2017-08-24",1,1,1,"4224793545_78419_01"
"VeNM0aaG",1,13,1,1,"Biased-4","e2.1_2017-08-28",1,1,1,"4224774744_78419_01"
"vyygRmNe",1,13,1,1,"Biased-2","e2.4_2017-08-27",1,1,0,"4224790653_78419_01"
"vyygRmNe",1,13,0,1,"Biased-2","e2.4_2017-08-27",0,1,0,"4224790653_78419_01"
"wcuIZKR6",0,13,0,1,"Biased-2","e2.4_2017-08-27",1,1,0,"107651_3992_01"
"Wd5JCBnA",1,13,1,1,"Unbiased-2","e2.6_2017-09-21",1,0,0,"4222259624_78419_01"
"wU4n9hI1",0,13,1,1,"Unbiased-2","e2.6_2017-09-09",0,0,0,"4198699806_78419_01"
"wU4n9hI1",0,13,0,1,"Unbiased-2","e2.6_2017-09-09",1,0,0,"4198699806_78419_01"
"x7QzBBkz",1,13,0,1,"Unbiased-2","e2.6_2017-09-21",0,0,0,"4009917197_78914_01"
"Xu1iETkg",0,13,1,1,"Unbiased-2","e2.6_2017-09-16",0,0,0,"4198746872_78419_01"
"XY8hOWgz",0,13,0,1,"Unbiased-2","e2.6_2017-09-09",1,0,0,"4198748387_78419_01"
"XzHeyDPf",1,13,1,1,"Biased-2","e2.3_2017-08-31",1,1,0,"1741182395_78419_01"
"yS7k437O",2,13,2,1,"Biased-4","e2.1_2017-08-24",1,1,1,"4224776793_78419_01"
"yS7k437O",2,13,3,0,"Biased-4","e2.1_2017-08-24",0,1,1,"4224776793_78419_01"
"YSKlL1Ic",1,13,0,0,"Biased-2","e2.3_2017-08-31",0,1,0,"4209524657_78419_01"
"YSKlL1Ic",1,13,1,1,"Biased-2","e2.3_2017-08-31",1,1,0,"4209524657_78419_01"
"yZ3sYU1c",2,13,3,1,"Biased-4","e2.1_2017-08-24",0,1,1,"4083368292_5107_01"
"yZ3sYU1c",2,13,2,1,"Biased-4","e2.1_2017-08-24",1,1,1,"4083368292_5107_01"
"YZof3wEf",0,13,0,1,"Biased-2","e2.4_2017-08-27",1,1,0,"1104439372_23694_02"
"YZof3wEf",0,13,1,1,"Biased-2","e2.4_2017-08-27",0,1,0,"1104439372_23694_02"
"zcXK7TjS",1,13,1,1,"Unbiased-2","e2.6_2017-09-21",1,0,0,"121991_3992_01"
"zcXK7TjS",1,13,0,1,"Unbiased-2","e2.6_2017-09-21",0,0,0,"121991_3992_01"
"ZWXXtavu",1,13,1,1,"Unbiased-2","e2.6_2017-09-09",1,0,0,"1776799322_78419_01"
"ZXp0Nf1O",1,13,1,1,"Biased-2","e2.4_2017-09-01",1,1,0,"4222265576_78419_01"
"ZXp0Nf1O",1,13,0,1,"Biased-2","e2.4_2017-09-01",0,1,0,"4222265576_78419_01"
"ZZXk3eCC",0,13,1,1,"Biased-2","e2.4_2017-08-31",0,1,0,"4183007714_78419_01"
"ZZXk3eCC",0,13,0,1,"Biased-2","e2.4_2017-08-31",1,1,0,"4183007714_78419_01"
"0hhJBCnW",2,15,3,1,"Unbiased-4","e2.5_2017-09-07",0,0,1,"165752_3992_01"
"0hhJBCnW",2,15,2,1,"Unbiased-4","e2.5_2017-09-07",1,0,1,"165752_3992_01"
"0hhJBCnW",2,15,0,1,"Unbiased-4","e2.5_2017-09-07",0,0,1,"165752_3992_01"
"1NYc3ypZ",1,15,0,0,"Unbiased-4","e2.5_2017-09-07",0,0,1,"089635_S02_02"
"1NYc3ypZ",1,15,1,1,"Unbiased-4","e2.5_2017-09-07",1,0,1,"089635_S02_02"
"2CR6vFVs",1,15,0,0,"Unbiased-2","e2.6_2017-09-21",0,0,0,"4210186321_78419_01"
"2CR6vFVs",1,15,1,0,"Unbiased-2","e2.6_2017-09-21",1,0,0,"4210186321_78419_01"
"2eCW1FlE",1,15,0,1,"Biased-2","e2.3_2017-08-31",0,1,0,"4142230532_78419_01"
"2eCW1FlE",1,15,1,1,"Biased-2","e2.3_2017-08-31",1,1,0,"4142230532_78419_01"
"3AYzSo0a",0,15,0,1,"Unbiased-2","e2.6_2017-09-21",1,0,0,"4176631747_78419_01"
"3AYzSo0a",0,15,1,1,"Unbiased-2","e2.6_2017-09-21",0,0,0,"4176631747_78419_01"
"44b4OLuC",0,15,0,1,"Unbiased-4","e2.5_2017-09-07",1,0,1,"4198747815_78419_01"
"44b4OLuC",0,15,1,1,"Unbiased-4","e2.5_2017-09-07",0,0,1,"4198747815_78419_01"
"44b4OLuC",0,15,2,1,"Unbiased-4","e2.5_2017-09-07",0,0,1,"4198747815_78419_01"
"4nSFdQzt",3,15,0,1,"Unbiased-4","e2.5_2017-09-07",0,0,1,"4142236355_78419_01"
"4nSFdQzt",3,15,1,1,"Unbiased-4","e2.5_2017-09-07",0,0,1,"4142236355_78419_01"
"4nSFdQzt",3,15,2,1,"Unbiased-4","e2.5_2017-09-07",0,0,1,"4142236355_78419_01"
"5Dc9pgMR",0,15,0,1,"Biased-2","e2.3_2017-08-31",1,1,0,"1869079206_78419_01"
"5Dc9pgMR",0,15,1,1,"Biased-2","e2.3_2017-08-31",0,1,0,"1869079206_78419_01"
"7DsUVios",1,15,1,1,"Biased-2","e2.3_2017-08-28",1,1,0,"4182928698_78419_01"
"7JLSGlin",1,15,3,0,"Unbiased-4","e2.5_2017-09-07",0,0,1,"082300_S02_01"
"7JLSGlin",1,15,0,0,"Unbiased-4","e2.5_2017-09-07",0,0,1,"082300_S02_01"
"7JLSGlin",1,15,1,0,"Unbiased-4","e2.5_2017-09-07",1,0,1,"082300_S02_01"
"7JLSGlin",1,15,2,0,"Unbiased-4","e2.5_2017-09-07",0,0,1,"082300_S02_01"
"8IV3mrD4",2,15,2,1,"Biased-4","e2.1_2017-08-23",1,1,1,"4141907227_78419_01"
"8IV3mrD4",2,15,3,1,"Biased-4","e2.1_2017-08-23",0,1,1,"4141907227_78419_01"
"a9wxWHuc",1,15,3,1,"Biased-4","e2.1_2017-08-23",0,1,1,"4128112508_78419_01"
"aGLDOR3v",0,15,1,1,"Biased-2","e2.4_2017-08-27",0,1,0,"1975420046_78419_01"
"BYpYNLYZ",1,15,1,1,"Biased-2","e2.4_2017-08-27",1,1,0,"060507_S02_02"
"cCWpfNHl",1,15,1,0,"Biased-2","e2.4_2017-08-27",1,1,0,"088523_S02_01"
"CDitEj5Y",1,15,1,1,"Biased-2","e2.3_2017-08-28",1,1,0,"4210176701_78419_01"
"cfHDQFaB",2,15,2,1,"Biased-4","e2.1_2017-08-23",1,1,1,"4209514620_78419_01"
"CwFE3ItX",0,15,0,1,"Biased-2","e2.3_2017-08-31",1,1,0,"4175653757_92326_01"
"CwFE3ItX",0,15,1,1,"Biased-2","e2.3_2017-08-31",0,1,0,"4175653757_92326_01"
"D0irM1wA",1,15,1,1,"Biased-2","e2.3_2017-08-28",1,1,0,"4175654735_92326_01"
"dcZXuvm5",3,15,0,0,"Unbiased-4","e2.5_2017-09-07",0,0,1,"4222268922_78419_01"
"dcZXuvm5",3,15,2,1,"Unbiased-4","e2.5_2017-09-07",0,0,1,"4222268922_78419_01"
"eO5jet6P",1,15,1,1,"Biased-2","e2.3_2017-08-28",1,1,0,"1975424113_78419_01"
"eO5jet6P",1,15,0,1,"Biased-2","e2.3_2017-08-28",0,1,0,"1975424113_78419_01"
"EovwaTW8",2,15,2,1,"Biased-4","e2.1_2017-08-23",1,1,1,"1696767687_78419_01"
"eU62ovxG",1,15,0,0,"Biased-2","e2.3_2017-08-28",0,1,0,"4198698469_78419_01"
"eU62ovxG",1,15,1,0,"Biased-2","e2.3_2017-08-28",1,1,0,"4198698469_78419_01"
"eZr5Bmd3",2,15,3,1,"Biased-4","e2.1_2017-08-23",0,1,1,"4175653989_92326_01"
"eZr5Bmd3",2,15,2,1,"Biased-4","e2.1_2017-08-23",1,1,1,"4175653989_92326_01"
"hEsQGRRN",1,15,1,1,"Biased-2","e2.3_2017-08-28",1,1,0,"4224814466_78419_01"
"i7IIFMIb",1,15,0,0,"Biased-2","e2.3_2017-08-31",0,1,0,"4210182356_78419_01"
"i7IIFMIb",1,15,1,0,"Biased-2","e2.3_2017-08-31",1,1,0,"4210182356_78419_01"
"jC2kr3u0",0,15,0,1,"Biased-2","e2.3_2017-08-31",1,1,0,"4210176685_78419_01"
"JckRZ4Su",1,15,1,1,"Biased-2","e2.3_2017-08-28",1,1,0,"4142231922_78419_01"
"jmFnOoKt",0,15,0,1,"Unbiased-4","e2.5_2017-09-07",1,0,1,"4224766527_78419_01"
"JPppFZWQ",0,15,0,1,"Biased-2","e2.3_2017-08-31",1,1,0,"4198735108_78419_01"
"JPppFZWQ",0,15,1,1,"Biased-2","e2.3_2017-08-31",0,1,0,"4198735108_78419_01"
"jTcyevlw",1,15,1,1,"Biased-2","e2.4_2017-08-27",1,1,0,"4083364193_78914_01"
"ju7eWJ5D",1,15,0,1,"Biased-2","e2.3_2017-08-31",0,1,0,"4198696732_78419_01"
"ju7eWJ5D",1,15,1,1,"Biased-2","e2.3_2017-08-31",1,1,0,"4198696732_78419_01"
"kACbxuMS",0,15,0,1,"Unbiased-4","e2.5_2017-09-07",1,0,1,"053633_S02_01"
"kACbxuMS",0,15,2,1,"Unbiased-4","e2.5_2017-09-07",0,0,1,"053633_S02_01"
"kACbxuMS",0,15,1,1,"Unbiased-4","e2.5_2017-09-07",0,0,1,"053633_S02_01"
"kACbxuMS",0,15,3,1,"Unbiased-4","e2.5_2017-09-07",0,0,1,"053633_S02_01"
"Kpefbwlv",0,15,0,1,"Biased-2","e2.3_2017-08-31",1,1,0,"4210172616_78419_01"
"LKii9aEK",0,15,1,1,"Unbiased-2","e2.6_2017-09-21",0,0,0,"4182918354_78419_01"
"LKii9aEK",0,15,0,1,"Unbiased-2","e2.6_2017-09-21",1,0,0,"4182918354_78419_01"
"m0nnYchF",0,15,1,0,"Unbiased-4","e2.5_2017-09-07",0,0,1,"018297_S01_HH"
"m0nnYchF",0,15,2,0,"Unbiased-4","e2.5_2017-09-07",0,0,1,"018297_S01_HH"
"m0nnYchF",0,15,0,0,"Unbiased-4","e2.5_2017-09-07",1,0,1,"018297_S01_HH"
"m0nnYchF",0,15,3,0,"Unbiased-4","e2.5_2017-09-07",0,0,1,"018297_S01_HH"
"mn9JA7Xk",1,15,0,1,"Biased-2","e2.4_2017-08-27",0,1,0,"1686963147_78419_01"
"mn9JA7Xk",1,15,1,1,"Biased-2","e2.4_2017-08-27",1,1,0,"1686963147_78419_01"
"n7jGHdyD",0,15,0,0,"Biased-2","e2.3_2017-08-31",1,1,0,"006536_S01_01"
"n7jGHdyD",0,15,1,1,"Biased-2","e2.3_2017-08-31",0,1,0,"006536_S01_01"
"nAG0uwdt",3,15,0,0,"Biased-4","e2.1_2017-08-23",0,1,1,"4141905748_78419_01"
"nAG0uwdt",3,15,1,0,"Biased-4","e2.1_2017-08-23",0,1,1,"4141905748_78419_01"
"nAG0uwdt",3,15,2,0,"Biased-4","e2.1_2017-08-23",0,1,1,"4141905748_78419_01"
"nAG0uwdt",3,15,3,0,"Biased-4","e2.1_2017-08-23",1,1,1,"4141905748_78419_01"
"O5c1zblg",0,15,0,0,"Biased-2","e2.3_2017-08-31",1,1,0,"4198741919_78419_01"
"O5c1zblg",0,15,1,0,"Biased-2","e2.3_2017-08-31",0,1,0,"4198741919_78419_01"
"O80GJs4W",2,15,3,0,"Biased-4","e2.1_2017-08-23",0,1,1,"142804_3992_02"
"O80GJs4W",2,15,2,1,"Biased-4","e2.1_2017-08-23",1,1,1,"142804_3992_02"
"O80GJs4W",2,15,1,1,"Biased-4","e2.1_2017-08-23",0,1,1,"142804_3992_02"
"O9d6fpD7",1,15,2,1,"Biased-4","e2.1_2017-08-23",0,1,1,"1696776375_78419_01"
"OekAb8Fe",2,15,3,0,"Unbiased-4","e2.5_2017-09-07",0,0,1,"4198725826_78419_01"
"OekAb8Fe",2,15,2,0,"Unbiased-4","e2.5_2017-09-07",1,0,1,"4198725826_78419_01"
"OekAb8Fe",2,15,0,0,"Unbiased-4","e2.5_2017-09-07",0,0,1,"4198725826_78419_01"
"OekAb8Fe",2,15,1,0,"Unbiased-4","e2.5_2017-09-07",0,0,1,"4198725826_78419_01"
"OmtdCXCq",1,15,0,1,"Biased-2","e2.3_2017-08-31",0,1,0,"4224774627_78419_01"
"OmtdCXCq",1,15,1,1,"Biased-2","e2.3_2017-08-31",1,1,0,"4224774627_78419_01"
"oyXJ9Za4",0,15,0,1,"Unbiased-4","e2.5_2017-09-07",1,0,1,"157869_3992_01"
"PDbvxhQc",0,15,0,1,"Biased-2","e2.3_2017-08-31",1,1,0,"121889_3992_01"
"pG9ucTV2",1,15,1,0,"Biased-2","e2.4_2017-08-27",1,1,0,"4205979274_78419_01"
"pG9ucTV2",1,15,0,0,"Biased-2","e2.4_2017-08-27",0,1,0,"4205979274_78419_01"
"qqUGu3kS",0,15,2,1,"Unbiased-4","e2.5_2017-09-07",0,0,1,"4191252363_5107_01"
"qqUGu3kS",0,15,3,1,"Unbiased-4","e2.5_2017-09-07",0,0,1,"4191252363_5107_01"
"qqUGu3kS",0,15,1,1,"Unbiased-4","e2.5_2017-09-07",0,0,1,"4191252363_5107_01"
"qqUGu3kS",0,15,0,1,"Unbiased-4","e2.5_2017-09-07",1,0,1,"4191252363_5107_01"
"QXNE4Fr9",0,15,1,1,"Unbiased-2","e2.6_2017-09-21",0,0,0,"4148866744_78419_01"
"QXNE4Fr9",0,15,0,1,"Unbiased-2","e2.6_2017-09-21",1,0,0,"4148866744_78419_01"
"QY65oXAS",1,15,1,1,"Biased-2","e2.3_2017-08-31",1,1,0,"023401_S01_HH"
"r3AZnOBT",1,15,0,0,"Biased-2","e2.3_2017-08-28",0,1,0,"010914_S01_HH"
"r3AZnOBT",1,15,1,0,"Biased-2","e2.3_2017-08-28",1,1,0,"010914_S01_HH"
"RtheYJJO",2,15,2,1,"Biased-4","e2.1_2017-08-23",1,1,1,"4209518345_78419_01"
"RtheYJJO",2,15,3,1,"Biased-4","e2.1_2017-08-23",0,1,1,"4209518345_78419_01"
"sJGf8QUk",0,15,0,0,"Biased-2","e2.3_2017-08-31",1,1,0,"4174334848_78419_01"
"sJGf8QUk",0,15,1,0,"Biased-2","e2.3_2017-08-31",0,1,0,"4174334848_78419_01"
"STfPvxel",1,15,1,1,"Biased-2","e2.3_2017-08-28",1,1,0,"4083379780_5107_01"
"tEB5uO21",0,15,0,0,"Biased-2","e2.3_2017-08-28",1,1,0,"4193052637_78419_01"
"tEB5uO21",0,15,1,0,"Biased-2","e2.3_2017-08-28",0,1,0,"4193052637_78419_01"
"tjR3yjYL",0,15,0,1,"Unbiased-2","e2.6_2017-09-21",1,0,0,"4224783116_78419_01"
"tjR3yjYL",0,15,1,1,"Unbiased-2","e2.6_2017-09-21",0,0,0,"4224783116_78419_01"
"VG1N0gwz",1,15,1,1,"Biased-2","e2.3_2017-08-28",1,1,0,"4210176637_78419_01"
"VTOvAf0i",3,15,0,0,"Biased-4","e2.1_2017-08-23",0,1,1,"4205996497_78419_01"
"VTOvAf0i",3,15,1,0,"Biased-4","e2.1_2017-08-23",0,1,1,"4205996497_78419_01"
"VTOvAf0i",3,15,2,0,"Biased-4","e2.1_2017-08-23",0,1,1,"4205996497_78419_01"
"VTOvAf0i",3,15,3,0,"Biased-4","e2.1_2017-08-23",1,1,1,"4205996497_78419_01"
"vyygRmNe",1,15,1,1,"Biased-2","e2.4_2017-08-27",1,1,0,"4224790653_78419_01"
"w6uhkiFK",0,15,2,1,"Unbiased-4","e2.5_2017-09-07",0,0,1,"4210181764_78419_01"
"w6uhkiFK",0,15,0,1,"Unbiased-4","e2.5_2017-09-07",1,0,1,"4210181764_78419_01"
"Wd5JCBnA",1,15,0,1,"Unbiased-2","e2.6_2017-09-21",0,0,0,"4222259624_78419_01"
"WdTeyb1v",1,15,0,1,"Unbiased-4","e2.5_2017-09-07",0,0,1,"4191248964_5107_01"
"WdTeyb1v",1,15,3,1,"Unbiased-4","e2.5_2017-09-07",0,0,1,"4191248964_5107_01"
"WdTeyb1v",1,15,2,1,"Unbiased-4","e2.5_2017-09-07",0,0,1,"4191248964_5107_01"
"WshDL9Y8",0,15,1,1,"Biased-2","e2.3_2017-08-28",0,1,0,"4205995222_78419_01"
"WshDL9Y8",0,15,0,1,"Biased-2","e2.3_2017-08-28",1,1,0,"4205995222_78419_01"
"x7QzBBkz",0,15,1,0,"Unbiased-2","e2.6_2017-09-21",0,0,0,"4009917197_78914_01"
"x7QzBBkz",0,15,0,1,"Unbiased-2","e2.6_2017-09-21",1,0,0,"4009917197_78914_01"
"xqyUXbmR",1,15,1,1,"Biased-2","e2.3_2017-08-28",1,1,0,"1796202230_78419_01"
"XzHeyDPf",1,15,0,1,"Biased-2","e2.3_2017-08-31",0,1,0,"1741182395_78419_01"
"YJLgFM05",1,15,1,1,"Biased-2","e2.3_2017-08-28",1,1,0,"4098578922_78419_01"
"YSKlL1Ic",1,15,1,0,"Biased-2","e2.3_2017-08-31",1,1,0,"4209524657_78419_01"
"YZof3wEf",0,15,1,1,"Biased-2","e2.4_2017-08-27",0,1,0,"1104439372_23694_02"
"zcXK7TjS",1,15,1,1,"Unbiased-2","e2.6_2017-09-21",1,0,0,"121991_3992_01"
"ZGeHPGql",1,15,1,1,"Biased-2","e2.3_2017-08-28",1,1,0,"4098579819_78419_01"
"ZueS6Jwo",2,15,3,1,"Unbiased-4","e2.5_2017-09-07",0,0,1,"4142232998_78419_01"
"ZueS6Jwo",2,15,0,1,"Unbiased-4","e2.5_2017-09-07",0,0,1,"4142232998_78419_01"
